plot_number_T,plot_name,sr,latitude,longitude,cushion_num,cushion_01,alt_a,T_VELOCITY,AET,bio1,bio2,bio4,bio5,bio6,bio11,bio12,bio13,bio14,bio15,bio19,cfvo_15_mean,region,temperature_lgm,temperature_change,precipitation_lgm,precipitation_change
1,ZZYF01,21,28.045,91.9558333,1,1,4560,0.632211804,286,0.408333242,14.11666679,626.7224731,13.69999981,-17.60000038,-7.200000286,370,73,5,75.77050781,20,25,Himalaya,-28.5,28.90833324,300.5,-69.5
2,ZZYF02,18,28.044172,91.956837,2,1,4570,0.632211804,286,0.408333242,14.11666679,626.7224731,13.69999981,-17.60000038,-7.200000286,370,73,5,75.77050781,20,25,Himalaya,-28.5,28.90833324,300.5,-69.5
3,ZZYF03,38,28.044218,91.95691,5,1,4625,0.632211804,286,0.408333242,14.11666679,626.7224731,13.69999981,-17.60000038,-7.200000286,370,73,5,75.77050781,20,25,Himalaya,-28.5,28.90833324,300.5,-69.5
4,ZZYF04,18,28.045833,91.9552778,0,0,4570,0.632211804,286,0.408333242,14.11666679,626.7224731,13.69999981,-17.60000038,-7.200000286,370,73,5,75.77050781,20,25,Himalaya,-28.5,28.90833324,300.5,-69.5
5,ZZYF05,25,28.3063889,91.8858333,3,1,5055,0.527375162,257,-1.904166698,13.47500038,620.3498535,10.69999981,-19.60000038,-9.600000381,342,74,5,84.02777863,17,41,Himalaya,-58.5,56.5958333,253,-89
6,ZZYF06,34,28.301077,91.877653,5,1,5180,0.527375162,258,-1.966666579,13.73333359,619.6712036,10.60000038,-19.79999924,-9.666666031,342,74,5,84.02777863,17,39,Himalaya,-58.5,56.53333342,253,-89
7,ZZYF07,13,28.605,92.2166667,0,0,4970,0.713220954,239,-1.654166579,14.24166679,622.9053955,11.39999962,-19.79999924,-9.433333397,326,75,4,92.68965912,14,30,Himalaya,-61,59.34583342,228,-98
8,ZZYF08,19,28.629398,92.218344,0,0,5119,0.713220954,244,-2.220833302,13.8083334,632.8128662,10.89999962,-20.20000076,-10.0666666,329,76,4,92.24871063,14,32,Himalaya,-72,69.7791667,229,-100
9,ZZYF09,14,29.133327,90.164727,0,0,4235,0.659975111,242,1.754166603,15.07499981,650.4454956,16,-17,-6.616666794,295,88,1,128.1904602,3,17,Himalaya,-40.5,42.2541666,197,-98
10,ZZYF10,16,29.121055,90.1708056,1,1,4249,0.659975111,243,1.645833254,14.89166641,656.8778076,15.89999962,-17.10000038,-6.800000191,295,88,1,128.1904602,3,18,Himalaya,-42,43.64583325,194.5,-100.5
11,ZZYF11,23,29.120678,90.170841,0,0,4278,0.659975111,243,1.645833254,14.89166641,656.8778076,15.89999962,-17.10000038,-6.800000191,295,88,1,128.1904602,3,18,Himalaya,-42,43.64583325,194.5,-100.5
12,ZZYF12,11,28.4124444,90.5755833,1,1,5105,0.562611103,240,-2.216666698,14.8166666,623.0326538,11.19999981,-20.39999962,-9.966666222,292,79,3,106.4437408,9,31,Himalaya,-65.5,63.2833333,230,-62
13,ZZYF13,10,28.41619,90.581262,3,1,5320,0.562611103,240,-2.216666698,14.8166666,623.0326538,11.19999981,-20.39999962,-9.966666222,292,79,3,106.4437408,9,31,Himalaya,-65.5,63.2833333,230,-62
14,ZZYF14,17,28.4130556,90.5752778,1,1,5130,0.562611103,240,-2.216666698,14.8166666,623.0326538,11.19999981,-20.39999962,-9.966666222,292,79,3,106.4437408,9,31,Himalaya,-65.5,63.2833333,230,-62
15,ZZYF15,17,28.419981,90.558395,3,1,5412,0.562611103,240,-3.34166646,14.64999962,627.5233765,10.10000038,-21.5,-11.11666679,288,79,3,106.7060547,10,33,Himalaya,-78.5,75.15833354,220,-68
16,ZZYF16,15,28.8938889,90.1763889,1,1,5024,0.55613631,213,-3.174999952,13.1833334,664.6615601,10.19999981,-20.60000038,-11.46666622,249,77,1,126.5545197,4,27,Himalaya,-81.5,78.32500005,181.5,-67.5
17,ZZYF17,7,28.88587,90.173104,0,0,5135,0.55613631,213,-3.575000048,13.3166666,664.1108398,9.899999619,-21.10000038,-11.83333302,246,76,1,125.6283646,5,29,Himalaya,-81.5,77.92499995,181.5,-64.5
18,ZZYF18,20,28.889236,90.173388,2,1,5182,0.55613631,213,-3.575000048,13.3166666,664.1108398,9.899999619,-21.10000038,-11.83333302,246,76,1,125.6283646,5,29,Himalaya,-81.5,77.92499995,181.5,-64.5
19,ZZYF19,18,28.8936111,90.1783333,1,1,5070,0.55613631,213,-3.174999952,13.1833334,664.6615601,10.19999981,-20.60000038,-11.46666622,249,77,1,126.5545197,4,27,Himalaya,-81.5,78.32500005,181.5,-67.5
20,ZZYF20,23,27.5577778,89.0725185,1,1,4678,0.814956129,357,-1.5,11.75,582.0379639,9.300000191,-17.5,-8.733333588,410,113,4,108.3682251,16,24,Himalaya,-35.5,34,431.5,21.5
21,ZZYF21,10,27.551118,89.074231,1,1,4700,0.814956129,357,-1.5,11.75,582.0379639,9.300000191,-17.5,-8.733333588,410,113,4,108.3682251,16,24,Himalaya,-35.5,34,431.5,21.5
22,ZZYF22,37,27.5577778,89.0722407,1,1,4660,0.814956129,357,-1.5,11.75,582.0379639,9.300000191,-17.5,-8.733333588,410,113,4,108.3682251,16,24,Himalaya,-35.5,34,431.5,21.5
23,ZZYF23,34,27.551313,89.0741,3,1,4695,0.814956129,357,-1.5,11.75,582.0379639,9.300000191,-17.5,-8.733333588,410,113,4,108.3682251,16,24,Himalaya,-35.5,34,431.5,21.5
24,ZZYF24,23,27.5580556,89.0716852,0,0,4660,0.814956129,357,-1.5,11.75,582.0379639,9.300000191,-17.5,-8.733333588,410,113,4,108.3682251,16,24,Himalaya,-35.5,34,431.5,21.5
25,ZZYF25,16,27.55193,89.07508,3,1,4738,0.814956129,374,-0.816666663,11.63333321,585.6206055,9.800000191,-16.79999924,-8.149999619,433,116,4,105.9448547,17,25,Himalaya,-35.5,34.68333334,431.5,-1.5
26,ZZYF26,19,27.7938889,89.0083472,2,1,4793,2.054414988,323,-0.841666639,12.9333334,607.7261353,10.80000019,-17.89999962,-8.399999619,335,97,3,116.235054,12,19,Himalaya,-39,38.15833336,343.5,8.5
27,ZZYF27,18,27.798499,89.053517,5,1,4889,2.054414988,305,-1.595833302,13.24166679,602.6021729,10.19999981,-18.89999962,-9.033333778,321,93,3,117.7880325,12,22,Himalaya,-38.5,36.9041667,341.5,20.5
28,ZZYF28,21,28.063888,89.0158518,1,1,4785,1.3626827,267,-2.037499905,14.25833321,666.1426392,11.5,-20.10000038,-10.38333321,264,82,3,124.8060913,10,27,Himalaya,-57.5,55.4625001,270.5,6.5
29,ZZYF29,15,28.085373,89.091023,4,1,4800,1.3626827,263,-1.512500048,14.72500038,678.4813232,12.5,-20,-10.03333378,261,82,2,126.8319016,8,22,Himalaya,-53.5,51.98749995,268,7
30,ZZYF30,16,28.1125,87.6338889,0,0,4951,0.596309543,292,-2.545833349,11.6916666,611.6574097,9.600000381,-18,-10.0666666,342,66,8,64.43920898,50,25,Himalaya,-70.5,67.95416665,290.5,-51.5
31,ZZYF31,15,28.117241,87.664262,2,1,4943,0.596309543,294,-1.816666603,12.60000038,623.2733765,11,-17.79999924,-9.449999809,346,67,8,65.21385193,49,23,Himalaya,-70.5,68.6833334,290.5,-55.5
32,ZZYF32,17,28.116388,87.6386111,2,1,4937,0.596309543,292,-2.545833349,11.6916666,611.6574097,9.600000381,-18,-10.0666666,342,66,8,64.43920898,50,25,Himalaya,-70.5,67.95416665,290.5,-51.5
33,ZZYF33,22,28.10965,87.661287,1,1,4946,0.596309543,296,-1.658333421,12.53333378,622.1255493,11.10000038,-17.60000038,-9.300000191,356,69,8,65.48856354,49,25,Himalaya,-70.5,68.84166658,290.5,-65.5
34,ZZYF34,14,28.12833,87.6883333,2,1,4888,0.596309543,297,-0.954166591,13.52499962,623.9626465,12.39999962,-17.29999924,-8.600000381,358,70,8,66.24814606,49,22,Himalaya,-55.5,54.54583341,309.5,-48.5
35,ZZYF35,15,28.129355,87.702816,4,1,4896,0.596309543,297,-0.675000072,13.90000057,625.1054688,12.89999962,-17.20000076,-8.350000381,360,71,8,67.60913849,47,23,Himalaya,-55.5,54.82499993,309.5,-50.5
36,ZZYF36,27,28.2111111,86.8211111,2,1,4856,0.811457455,303,-1.266666532,13.0666666,587.0509033,11.60000038,-16.89999962,-8.683333397,395,48,11,36.07666016,95,22,Himalaya,-77,75.73333347,283.5,-111.5
37,ZZYF37,34,28.221182,86.823194,3,1,4891,0.811457455,300,-1.108333349,13.13333321,585.5449219,11.80000019,-16.79999924,-8.516666412,398,49,11,35.79909134,95,24,Himalaya,-77,75.89166665,283.5,-114.5
38,ZZYF38,21,28.3388889,86.7566667,2,1,4999,0.811457455,272,-0.883333385,14.71666718,585.3023071,13,-17.10000038,-8.199999809,344,41,10,36.73815155,92,21,Himalaya,-76.5,75.61666662,260,-84
39,ZZYF39,20,28.31324,86.721384,3,1,5083,0.421517491,279,-1.666666627,13.88333321,600.8453979,12.10000038,-17.70000076,-9.183333397,344,41,10,36.05705643,94,21,Himalaya,-77,75.33333337,274,-70
40,ZZYF40,21,28.3394444,86.7572222,2,1,5061,0.811457455,272,-0.883333385,14.71666718,585.3023071,13,-17.10000038,-8.199999809,344,41,10,36.73815155,92,21,Himalaya,-76.5,75.61666662,260,-84
41,ZZYF41,20,28.329246,86.736138,4,1,5078,0.421517491,275,-1.129166722,14.45833302,594.1282959,12.80000019,-17.29999924,-8.550000191,345,41,10,36.26303101,94,22,Himalaya,-77,75.87083328,274,-71
42,ZZYF42,11,28.2175,86.0127917,2,1,5142,0.523950636,457,3.891666651,13.1833334,550.8705444,16.39999962,-11.19999981,-3.050000191,574,69,14,33.23620987,133,21,Himalaya,-29.5,33.39166665,439,-135
43,ZZYF43,21,28.224385,86.057285,4,1,5149,0.523950636,314,-1.512499928,12.6916666,566.0032349,11,-16.39999962,-8.466666222,379,53,11,40.49329376,127,25,Himalaya,-67.5,65.98750007,332,-47
44,ZZYF44,25,28.2341667,86.00973,2,1,4695,0.523950636,443,3.6875,13.17500019,555.7473145,16.29999924,-11.39999962,-3.299999952,561,67,14,33.02996826,133,20,Himalaya,-29.5,33.1875,439,-122
45,ZZYF45,30,28.243022,86.033723,2,1,4392,0.523950636,408,3.120833397,13.42500019,559.2789917,15.80000019,-12.10000038,-3.900000095,520,60,13,32.5928421,135,22,Himalaya,-29.5,32.6208334,439,-81
46,ZZYF46,15,29.006111,87.46,1,1,5059,0.702870071,209,-1.054166555,14.64166641,620.902771,13.30000019,-18.29999924,-8.883333206,249,50,6,64.43122864,39,22,Himalaya,-69,67.94583345,181,-68
47,ZZYF47,18,28.573796,85.217045,0,0,4321,0.287211776,326,2.466666698,12.35000038,522.3214722,14.19999981,-12.10000038,-4.200000286,444,54,11,36.44695663,129,21,Himalaya,-27,29.4666667,357.5,-86.5
48,ZZYF48,10,28.576607,85.214118,0,0,4034,0.287211776,319,1.6875,12.32499981,527.085144,13.39999962,-13,-5.033333302,427,54,11,37.7947464,131,22,Himalaya,-27,28.6875,357.5,-69.5
49,ZZYF49,13,28.98586,87.4588005,0,0,4934,0.702870071,210,-0.82916677,14.59166622,628.8497925,13.60000038,-18.20000076,-8.783333778,263,52,7,63.16548157,41,21,Himalaya,-77.5,76.67083323,177.5,-85.5
50,ZZYF50,34,29.03305,92.3502778,4,1,4900,0.565735042,237,-0.908333361,13.63333321,618.7664795,11.89999962,-18.60000038,-8.616666794,333,83,3,103.311058,10,15,Himalaya,-46.5,45.59166664,209.5,-123.5
51,ZZYF51,20,29.897345,90.133254,1,1,5424,0.628729641,216,-4.420833111,12.97500038,701.9209595,9.600000381,-22.39999962,-13.10000038,295,90,1,128.2662964,4,25,TP,-92,87.57916689,173.5,-121.5
52,ZZYF52,16,29.9069444,90.0125278,1,1,5314,0.628729641,214,-8.233333588,11.09999943,717.4333496,5.5,-25,-16.95000076,271,85,2,128.6453857,7,31,TP,-115,106.7666664,168.5,-102.5
53,ZZYF53,16,29.897096,90.133774,0,0,5456,0.628729641,216,-4.925000191,12.73333359,702.9208374,9.100000381,-22.70000076,-13.60000038,291,89,1,127.7984543,4,27,TP,-92,87.07499981,173.5,-117.5
54,ZZYF54,16,29.9069444,90.0128055,1,1,5309,0.628729641,214,-8.233333588,11.09999943,717.4333496,5.5,-25,-16.95000076,271,85,2,128.6453857,7,31,TP,-115,106.7666664,168.5,-102.5
55,ZZYF55,38,29.037486,92.347243,1,1,4896,0.565735042,239,-1.158333302,13.59999943,621.730835,11.69999981,-18.79999924,-8.899999619,337,83,3,102.0883789,10,16,Himalaya,-46.5,45.3416667,209.5,-127.5
56,ZZYF56,30,29.03361,92.35,0,0,4895,0.565735042,239,0.137500018,13.74166679,621.5710449,13,-17.70000076,-7.650000095,324,83,2,106.7416763,8,16,Himalaya,-46.5,46.63750002,209.5,-114.5
57,ZZYF57,20,29.035908,92.347324,0,0,4874,0.565735042,239,-1.158333302,13.59999943,621.730835,11.69999981,-18.79999924,-8.899999619,337,83,3,102.0883789,10,16,Himalaya,-46.5,45.3416667,209.5,-127.5
58,ZZYF58,20,25.671687,100.091844,0,0,4040,0.666885018,663,5.587500095,9.375,443.5606079,14,-6.900000095,-0.133333281,952,167,13,68.73134613,59,29,HDM,48.5,-42.91249991,1059.5,107.5
59,ZZYF59,16,25.671789,100.092203,0,0,4080,0.817524135,663,5.587500095,9.375,443.5606079,14,-6.900000095,-0.133333281,952,167,13,68.73134613,59,29,HDM,48.5,-42.91249991,1059.5,107.5
60,ZZYF60,25,25.671892,100.092562,0,0,4030,0.817524135,663,5.587500095,9.375,443.5606079,14,-6.900000095,-0.133333281,952,167,13,68.73134613,59,29,HDM,48.5,-42.91249991,1059.5,107.5
61,ZZYF61,19,28.7827778,92.9136111,1,1,5020,0.430692554,270,-2.504166603,12.84166718,617.37146,9.5,-19.60000038,-10.15000057,381,88,3,94.71578979,13,52,Himalaya,-70.5,67.9958334,250.5,-130.5
62,ZZYF62,4,29.3517417,93.5119444,0,0,4832,0.746302068,376,4.091666698,11.64999962,609.7645874,16.70000076,-11.69999981,-3.733333111,471,110,1,101.2645798,6,25,TP,-18,22.0916667,311.5,-159.5
63,ZZYF63,26,29.3517417,93.5119444,1,1,4832,0.746302068,376,4.091666698,11.64999962,609.7645874,16.70000076,-11.69999981,-3.733333111,471,110,1,101.2645798,6,25,TP,-18,22.0916667,311.5,-159.5
64,ZZYF64,19,28.675,92.9355556,0,0,5007,0.430692554,272,-2.154166698,13.02499962,606.6092529,9.800000191,-19.39999962,-9.599999428,375,86,4,93.17464447,14,38,Himalaya,-60,57.8458333,257,-118
65,ZZYF65,6,28.673574,92.929413,0,0,5057,0.430692554,271,-1.920833468,13.0583334,606.3694458,10.10000038,-19.20000076,-9.366666794,370,86,3,94.78977203,13,35,Himalaya,-60,58.07916653,257,-113
66,ZZYF66,18,28.673478,92.929271,1,1,5063,0.430692554,271,-1.920833468,13.0583334,606.3694458,10.10000038,-19.20000076,-9.366666794,370,86,3,94.78977203,13,35,Himalaya,-60,58.07916653,257,-113
67,ZhangDC001,16,28.206,86.555,3,1,5403,0.333480269,287,-3.979166746,12.1916666,592.9910889,8.399999619,-19.20000076,-11.15000057,328,42,10,39.59848785,100,27,Himalaya,-87,83.02083325,293,-35
68,ZhangDC002,17,28.386,85.411,0,0,4031,0.221287563,396,4.658333302,11.5,446.3479614,14.80000019,-8.399999619,-1.149999976,537,65,11,35.77233887,124,18,Himalaya,0.5,4.158333302,472,-65
69,ZhangDC003,8,28.398,85.411,0,0,4031,0.221287563,382,4.287499905,11.59166622,446.8329163,14.5,-8.800000191,-1.51666677,518,59,11,34.34885788,127,18,Himalaya,0.5,3.787499905,472,-46
70,ZhangDC004,3,28.3991396,85.4119098,0,0,4101,0.221287563,382,4.287499905,11.59166622,446.8329163,14.5,-8.800000191,-1.51666677,518,59,11,34.34885788,127,18,Himalaya,0.5,3.787499905,472,-46
71,ZhangDC005,6,28.935,85.417,0,0,5093,0.581916749,262,-0.362499982,14.54166698,620.7294922,14.19999981,-16.89999962,-8.033332825,301,47,4,54.13169479,118,28,Himalaya,-64,63.63750002,258.5,-42.5
72,ZhangDC006,3,28.9351461,85.4174513,0,0,5000,0.581916749,262,-0.362499982,14.54166698,620.7294922,14.19999981,-16.89999962,-8.033332825,301,47,4,54.13169479,118,28,Himalaya,-64,63.63750002,258.5,-42.5
73,ZhangDC007,22,29.616,84.407,2,1,4910,1.2666924,291,1.508333325,15.51666641,634.7613525,16.79999924,-15.80000019,-6.5,268,40,1,54.77225494,100,17,TP,-65,66.50833333,289.5,21.5
74,ZhangDC008,14,29.417,85.236,2,1,4744,1.142166018,246,1.674999952,15.35000038,620.3572998,16.70000076,-15.69999981,-6.216666698,264,42,2,57.44158936,99,18,TP,-57,58.67499995,232,-32
75,ZhangDC010,7,30.232,81.035,1,1,4930,0.306384325,548,-3.183333397,10.66666698,721.9019165,10.60000038,-18.79999924,-12.19999981,684,186,11,98.81745911,149,33,Himalaya,-77,73.8166666,686,2
76,ZhangDC011,7,30.232,81.064,2,1,4857,0.306384325,506,-3.970833302,10.97500038,728.6365356,10.19999981,-19.79999924,-13.01666641,635,180,8,103.8533249,137,37,Himalaya,-75,71.0291667,682,47
77,ZhangDC012,7,30.232,81.035,1,1,4942,0.306384325,548,-3.183333397,10.66666698,721.9019165,10.60000038,-18.79999924,-12.19999981,684,186,11,98.81745911,149,33,Himalaya,-77,73.8166666,686,2
78,ZhangDC015,11,30.232,81.045,3,1,4891,0.460652262,488,-3.258333206,10.73333359,725.1013794,10.60000038,-18.89999962,-12.30000019,674,184,10,99.63124084,147,33,Himalaya,-75,71.74166679,682,8
79,ZhangDC018,3,30.239,81.044,1,1,4800,0.306384325,578,-2.004166603,11.04166698,730.2473145,12.19999981,-17.79999924,-11.16666603,714,188,12,95.32346344,156,33,Himalaya,-75,72.9958334,682,-32
80,ZhangDC020,9,30.239,81.044,2,1,4710,0.306384325,578,-2.004166603,11.04166698,730.2473145,12.19999981,-17.79999924,-11.16666603,714,188,12,95.32346344,156,33,Himalaya,-75,72.9958334,682,-32
81,ZhangDC022,9,30.239,81.044,1,1,4710,0.306384325,578,-2.004166603,11.04166698,730.2473145,12.19999981,-17.79999924,-11.16666603,714,188,12,95.32346344,156,33,Himalaya,-75,72.9958334,682,-32
82,ZhangDC021,5,31.421,80.398,0,0,5120,1.065191746,373,-3.0625,13.75833321,812.460144,13.89999962,-21.29999924,-13,344,103,3,112.95755,56,25,Himalaya,-89.5,86.4375,353,9
83,ZhangDC023,7,31.421,80.397,3,1,5079,1.065191746,373,-3.0625,13.75833321,812.460144,13.89999962,-21.29999924,-13,344,103,3,112.95755,56,25,Himalaya,-89.5,86.4375,353,9
84,ZhangDC024,2,31.448,80.386,0,0,4942,1.065191746,368,-2.929166794,14.00833321,809.6673584,14.10000038,-21.20000076,-12.80000019,334,101,3,114.0712509,54,26,Himalaya,-89.5,86.57083321,353,19
85,ZhangDC028,5,31.448,80.386,2,1,4970,1.065191746,368,-2.929166794,14.00833321,809.6673584,14.10000038,-21.20000076,-12.80000019,334,101,3,114.0712509,54,26,Himalaya,-89.5,86.57083321,353,19
86,ZhangDC025,5,31.389,79.349,0,0,5068,0.499040931,474,-3.912499905,11.97500038,825.0623169,12.30000019,-21.29999924,-14.14999962,539,139,10,91.29291534,103,30,Himalaya,-87,83.0875001,472,-67
87,ZhangDC027,7,31.389,79.349,1,1,5049,0.499040931,474,-3.912499905,11.97500038,825.0623169,12.30000019,-21.29999924,-14.14999962,539,139,10,91.29291534,103,30,Himalaya,-87,83.0875001,472,-67
88,ZhangDC031,2,31.299,79.364,1,1,5325,0.499040931,450,-5.666666508,11.71666622,802.9896851,10.19999981,-22.70000076,-15.48333359,535,151,6,101.882576,95,34,Himalaya,-106,100.3333335,473.5,-61.5
89,MSC01,13,29.312994,101.498457,0,0,4462,0.801805019,595,0.275000006,12.98333359,591.4830933,12.5,-17,-7.199999809,782,161,3,94.2900238,13,26,HDM,-30,30.27500001,763.5,-18.5
90,MSC02,25,29.312994,101.498457,0,0,4462,0.801805019,595,0.275000006,12.98333359,591.4830933,12.5,-17,-7.199999809,782,161,3,94.2900238,13,26,HDM,-30,30.27500001,763.5,-18.5
91,MSC03,21,29.312994,101.498457,1,1,4462,0.801805019,595,0.275000006,12.98333359,591.4830933,12.5,-17,-7.199999809,782,161,3,94.2900238,13,26,HDM,-30,30.27500001,763.5,-18.5
92,MSC04,29,29.312994,101.498457,0,0,4462,0.801805019,595,0.275000006,12.98333359,591.4830933,12.5,-17,-7.199999809,782,161,3,94.2900238,13,26,HDM,-30,30.27500001,763.5,-18.5
93,MSC05,12,29.740841,101.725184,0,0,4552,1.116178989,592,-0.2416666,13.30000019,603.5004883,12.30000019,-17.89999962,-7.783333302,776,156,3,94.10610199,12,26,HDM,-32,31.7583334,791,15
94,MSC06,22,29.741076,101.725242,2,1,4519,1.116178989,592,-0.2416666,13.30000019,603.5004883,12.30000019,-17.89999962,-7.783333302,776,156,3,94.10610199,12,26,HDM,-32,31.7583334,791,15
95,MSC07,14,29.73939,101.714888,1,1,4484,1.116178989,582,-0.479166687,13.3083334,599.4257202,12,-18.10000038,-7.966666698,771,155,3,93.75714111,12,26,HDM,-32,31.52083331,791,20
96,MSC08,27,29.739617,101.714832,1,1,4472,1.116178989,582,-0.479166687,13.3083334,599.4257202,12,-18.10000038,-7.966666698,771,155,3,93.75714111,12,26,HDM,-32,31.52083331,791,20
97,MSC09,25,30.082868,101.80637,3,1,4410,0.793643773,612,0.300000042,12.9333334,619.4902954,13.30000019,-17,-7.466666698,764,154,3,93.33326721,13,27,HDM,-29,29.30000004,783.5,19.5
98,MSC10,25,30.084154,101.807814,2,1,4469,0.793643773,604,-0.183333248,12.73333359,622.8027954,12.80000019,-17.39999962,-8,768,154,3,93.28157806,13,29,HDM,-44.5,44.31666675,803,35
99,MSC11,24,30.084824,101.807017,3,1,4492,0.793643773,604,-0.183333248,12.73333359,622.8027954,12.80000019,-17.39999962,-8,768,154,3,93.28157806,13,29,HDM,-44.5,44.31666675,803,35
100,MSC12,12,30.082414,101.805149,2,1,4401,0.793643773,612,0.300000042,12.9333334,619.4902954,13.30000019,-17,-7.466666698,764,154,3,93.33326721,13,27,HDM,-29,29.30000004,783.5,19.5
101,MSC13,24,30.910675,102.892642,1,1,4429,0.4759489,573,-1.425000072,11.61666679,599.687439,11.30000019,-17.70000076,-8.983333588,813,153,5,84.40722656,19,31,HDM,-33.5,32.07499993,949,136
102,MSC14,19,30.91149,102.89412,0,0,4425,0.4759489,573,-1.425000072,11.61666679,599.687439,11.30000019,-17.70000076,-8.983333588,813,153,5,84.40722656,19,31,HDM,-33.5,32.07499993,949,136
103,MSC15,50,30.918557,102.894659,1,1,4357,0.4759489,572,-1.529166579,11.54166698,603.3823242,11.19999981,-17.79999924,-9.133333206,811,153,4,84.64279938,18,29,HDM,-44,42.47083342,954.5,143.5
104,MSC16,8,30.922646,102.897421,0,0,4532,0.4759489,572,-1.529166579,11.54166698,603.3823242,11.19999981,-17.79999924,-9.133333206,811,153,4,84.64279938,18,29,HDM,-44,42.47083342,954.5,143.5
105,MSC17,14,30.922736,102.895857,0,0,4483,0.4759489,572,-1.529166579,11.54166698,603.3823242,11.19999981,-17.79999924,-9.133333206,811,153,4,84.64279938,18,29,HDM,-44,42.47083342,954.5,143.5
106,MSC18,16,30.91917,102.882031,0,0,4528,0.4759489,552,-2.304166555,11.5583334,611.5794067,10.5,-18.60000038,-9.983333588,818,154,4,85.02973175,18,29,HDM,-44,41.69583345,954.5,136.5
107,MSC19,23,30.918999,102.88178,0,0,4523,0.4759489,552,-2.304166555,11.5583334,611.5794067,10.5,-18.60000038,-9.983333588,818,154,4,85.02973175,18,29,HDM,-44,41.69583345,954.5,136.5
108,MSC20,19,32.750085,103.751057,0,0,3859,0.390844822,633,-1.404166698,10.875,692.6643677,12.89999962,-18.10000038,-10.15000057,786,129,5,77.38286591,24,26,HDM,-40.5,39.0958333,723,-63
109,MSC21,26,32.753038,103.751957,0,0,3955,0.390844822,633,-1.404166698,10.875,692.6643677,12.89999962,-18.10000038,-10.15000057,786,129,5,77.38286591,24,26,HDM,-40.5,39.0958333,723,-63
110,MSC22,8,32.755907,103.758105,0,0,4121,0.390844822,633,-1.404166698,10.875,692.6643677,12.89999962,-18.10000038,-10.15000057,786,129,5,77.38286591,24,26,HDM,-40.5,39.0958333,723,-63
111,MSC23,18,31.694756,102.298524,0,0,4290,0.657316208,644,-0.341666639,12.9333334,648.3399658,13.69999981,-18.10000038,-8.583333015,748,143,4,85.10973358,17,24,HDM,-22.5,22.15833336,691.5,-56.5
112,MSC24,31,31.694984,102.298838,0,0,4268,0.657316208,644,-0.341666639,12.9333334,648.3399658,13.69999981,-18.10000038,-8.583333015,748,143,4,85.10973358,17,24,HDM,-22.5,22.15833336,691.5,-56.5
113,MSC25,29,30.188847,100.011181,1,1,4554,1.050613999,567,-0.204166636,14.45833302,637.8531494,13,-18.79999924,-8.266666412,622,146,2,100.7797241,10,28,HDM,-44.5,44.29583336,550.5,-71.5
114,MSC26,6,30.191727,100.013273,0,0,4717,1.050613999,534,-1.858333349,14.19999981,632.3183594,11.19999981,-20.20000076,-9.783333778,644,146,3,96.77796936,13,39,HDM,-44.5,42.64166665,550.5,-93.5
115,MSC27,16,30.192077,100.013559,0,0,4743,1.050613999,534,-1.858333349,14.19999981,632.3183594,11.19999981,-20.20000076,-9.783333778,644,146,3,96.77796936,13,39,HDM,-44.5,42.64166665,550.5,-93.5
116,MSC28,22,30.19404,100.017467,1,1,4867,1.050613999,533,-1.754166722,14.27499962,631.5905762,11.19999981,-20.20000076,-9.683333397,643,146,3,97.09596252,13,35,HDM,-44.5,42.74583328,550.5,-92.5
117,MSC29,27,29.471718,100.222037,1,1,4613,2.458300352,557,-0.54583329,13.60833359,629.1930542,12.10000038,-18.79999924,-8.566666603,652,152,3,97.64916229,12,26,HDM,-40.5,39.95416671,570.5,-81.5
118,MSC30,37,29.136675,100.043091,0,0,4703,1.437396049,543,-0.637499988,13.22500038,608.7099609,11.80000019,-18.10000038,-8.366666794,650,147,4,91.80621338,16,31,HDM,-40.5,39.86250001,559.5,-90.5
119,MSC31,18,29.135683,100.041714,0,0,4701,1.437396049,543,-0.637499988,13.22500038,608.7099609,11.80000019,-18.10000038,-8.366666794,650,147,4,91.80621338,16,31,HDM,-40.5,39.86250001,559.5,-90.5
120,MSC32,17,29.147191,100.054342,1,1,4666,1.437396049,550,-0.299999863,13.26666641,608.5713501,12.10000038,-17.79999924,-8.049999237,645,147,3,92.86577606,14,29,HDM,-40.5,40.20000014,559.5,-85.5
121,MSC33,5,28.877984,100.294053,0,0,4594,0.753094077,554,-0.083333351,13.26666641,589.0914917,11.80000019,-17.5,-7.616666794,687,151,3,90.51068115,16,32,HDM,-22.5,22.41666665,583,-104
122,MSC34,26,28.877982,100.294385,0,0,4608,0.753094077,554,-0.083333351,13.26666641,589.0914917,11.80000019,-17.5,-7.616666794,687,151,3,90.51068115,16,32,HDM,-22.5,22.41666665,583,-104
123,MSC35,12,28.87868,100.294816,0,0,4649,0.753094077,554,-0.083333351,13.26666641,589.0914917,11.80000019,-17.5,-7.616666794,687,151,3,90.51068115,16,32,HDM,-22.5,22.41666665,583,-104
124,MSC36,16,28.878812,100.294656,0,0,4668,0.753094077,554,-0.083333351,13.26666641,589.0914917,11.80000019,-17.5,-7.616666794,687,151,3,90.51068115,16,32,HDM,-22.5,22.41666665,583,-104
125,MSC37,5,28.584332,99.838249,0,0,4321,0.607324362,565,0.337499946,11.22500038,608.0749512,11.89999962,-15.60000038,-7.383333206,655,139,5,82.30031586,23,26,HDM,-38,38.33749995,581.5,-73.5
126,MSC38,7,28.585454,99.840107,0,0,4386,0.607324362,565,0.337499946,11.22500038,608.0749512,11.89999962,-15.60000038,-7.383333206,655,139,5,82.30031586,23,26,HDM,-38,38.33749995,581.5,-73.5
127,MSC39,15,28.585276,99.84024,0,0,4388,0.607324362,565,0.337499946,11.22500038,608.0749512,11.89999962,-15.60000038,-7.383333206,655,139,5,82.30031586,23,26,HDM,-38,38.33749995,581.5,-73.5
128,MSC40,34,28.585296,99.839903,1,1,4380,0.607324362,565,0.337499946,11.22500038,608.0749512,11.89999962,-15.60000038,-7.383333206,655,139,5,82.30031586,23,26,HDM,-38,38.33749995,581.5,-73.5
129,MSC41,12,28.570631,99.806653,0,0,4307,0.607324362,566,0.524999976,11.21666622,604.5715942,12.19999981,-15.30000019,-7.166666508,659,138,5,81.13879395,25,27,HDM,-20.5,21.02499998,563,-96
130,MSC42,9,28.570752,99.806758,1,1,4317,0.607324362,566,0.524999976,11.21666622,604.5715942,12.19999981,-15.30000019,-7.166666508,659,138,5,81.13879395,25,27,HDM,-20.5,21.02499998,563,-96
131,MSC43,27,28.482003,99.008665,3,1,4864,0.362637609,530,-1.941666722,10.88333321,597.1555176,9.100000381,-17.39999962,-9.350000381,668,134,7,74.84113312,33,31,HDM,-43,41.05833328,554.5,-113.5
132,MSC44,20,28.481496,99.008623,3,1,4880,0.362637609,530,-1.941666722,10.88333321,597.1555176,9.100000381,-17.39999962,-9.350000381,668,134,7,74.84113312,33,31,HDM,-43,41.05833328,554.5,-113.5
133,MSC45,10,28.483211,99.006482,0,0,4806,0.362637609,539,-1.5625,10.875,597.2365112,9.600000381,-17,-8.983333588,661,132,7,74.06372833,34,32,HDM,-43,41.4375,554.5,-106.5
134,MSC46,6,28.476483,98.996873,0,0,4725,0.345214844,529,-1.908333302,10.89999962,594.9248657,9.199999809,-17.29999924,-9.300000191,667,132,8,73.53292847,35,34,HDM,-46,44.0916667,557,-110
135,MSC47,21,28.475509,98.996868,1,1,4690,0.345214844,529,-1.908333302,10.89999962,594.9248657,9.199999809,-17.29999924,-9.300000191,667,132,8,73.53292847,35,34,HDM,-46,44.0916667,557,-110
136,MSC48,10,28.474956,98.997511,0,0,4677,0.345214844,541,-1.299999952,10.96666718,593.4414063,9.800000191,-16.70000076,-8.683333397,659,131,7,73.29150391,34,30,HDM,-46,44.70000005,557,-102
137,MSC49,16,28.387873,99.021424,0,0,4476,0.476030797,554,-0.583333373,11.11666679,612.7298584,11.10000038,-16.10000038,-8.183333397,660,134,7,74.04697418,33,30,HDM,-38,37.41666663,566,-94
138,MSC50,27,28.389279,99.021185,0,0,4560,0.476030797,554,-0.583333373,11.11666679,612.7298584,11.10000038,-16.10000038,-8.183333397,660,134,7,74.04697418,33,30,HDM,-38,37.41666663,566,-94
139,MSC51,22,28.390682,99.020166,1,1,4652,0.476030797,554,-0.583333373,11.11666679,612.7298584,11.10000038,-16.10000038,-8.183333397,660,134,7,74.04697418,33,30,HDM,-38,37.41666663,566,-94
140,MSC52,40,28.391624,99.016613,2,1,4646,0.476030797,560,-0.270833343,11.02499962,616.2439575,11.39999962,-15.80000019,-7.933333397,657,132,7,73.397789,33,27,HDM,-38,37.72916666,566,-91
141,XDASD1,6,27.606077,99.890009,0,0,3779,0.805719554,642,3.625,10.8166666,562.868042,14.30000019,-11.39999962,-3.5,752,140,9,67.99872589,48,30,HDM,-3.5,7.125,744.5,-7.5
142,XDASD2,5,27.606169,99.889773,0,0,3773,0.805719554,642,3.625,10.8166666,562.868042,14.30000019,-11.39999962,-3.5,752,140,9,67.99872589,48,30,HDM,-3.5,7.125,744.5,-7.5
143,XDASD3,9,27.605729,99.889328,0,0,3761,0.805719554,642,3.625,10.8166666,562.868042,14.30000019,-11.39999962,-3.5,752,140,9,67.99872589,48,30,HDM,-3.5,7.125,744.5,-7.5
144,XDASD4,13,27.605563,99.889207,0,0,3757,0.805719554,642,3.625,10.8166666,562.868042,14.30000019,-11.39999962,-3.5,752,140,9,67.99872589,48,30,HDM,-3.5,7.125,744.5,-7.5
145,XDASD5,18,27.60833,99.887577,0,0,3776,0.805719554,642,3.625,10.8166666,562.868042,14.30000019,-11.39999962,-3.5,752,140,9,67.99872589,48,30,HDM,-3.5,7.125,744.5,-7.5
146,XDASD6,6,27.608144,99.887198,0,0,3779,0.805719554,642,3.625,10.8166666,562.868042,14.30000019,-11.39999962,-3.5,752,140,9,67.99872589,48,30,HDM,-3.5,7.125,744.5,-7.5
147,XDASD7,2,27.608144,99.887198,0,0,3779,0.805719554,642,3.625,10.8166666,562.868042,14.30000019,-11.39999962,-3.5,752,140,9,67.99872589,48,30,HDM,-3.5,7.125,744.5,-7.5
148,XDASD8,11,27.608178,99.887355,0,0,3776,0.805719554,642,3.625,10.8166666,562.868042,14.30000019,-11.39999962,-3.5,752,140,9,67.99872589,48,30,HDM,-3.5,7.125,744.5,-7.5
149,XDASD9,5,27.607784,99.887962,0,0,3690,0.805719554,642,3.625,10.8166666,562.868042,14.30000019,-11.39999962,-3.5,752,140,9,67.99872589,48,30,HDM,-3.5,7.125,744.5,-7.5
150,XDASD10,11,28.144647,99.904106,0,0,4484,0.893511593,568,0.058333375,11.44999981,581.4395752,11.10000038,-15.89999962,-7.266666889,721,145,7,76.89958954,33,27,HDM,-26.5,26.55833338,650,-71
151,XDASD11,9,28.144989,99.904344,1,1,4519,0.893511593,568,0.058333375,11.44999981,581.4395752,11.10000038,-15.89999962,-7.266666889,721,145,7,76.89958954,33,27,HDM,-26.5,26.55833338,650,-71
152,XDASD12,5,28.145008,99.904886,0,0,4519,0.893511593,568,0.058333375,11.44999981,581.4395752,11.10000038,-15.89999962,-7.266666889,721,145,7,76.89958954,33,27,HDM,-26.5,26.55833338,650,-71
153,XDASD13,25,28.14495,99.905472,1,1,4535,0.893511593,568,0.058333375,11.44999981,581.4395752,11.10000038,-15.89999962,-7.266666889,721,145,7,76.89958954,33,27,HDM,-26.5,26.55833338,650,-71
154,XDASD14,24,28.157606,99.8999,1,1,4551,0.893511593,561,-0.24166663,11.34999943,577.6119995,10.80000019,-16,-7.5,722,145,7,77.07393646,33,28,HDM,-26.5,26.25833337,650,-72
155,XDASD15,13,28.158051,99.900651,0,0,4538,0.893511593,568,0.058333356,11.38333321,582.5914917,11.10000038,-15.80000019,-7.283333302,719,144,7,76.70223999,33,28,HDM,-26.5,26.55833336,650,-69
156,XDASD16,32,28.158065,99.900325,4,1,4531,0.893511593,568,0.058333356,11.38333321,582.5914917,11.10000038,-15.80000019,-7.283333302,719,144,7,76.70223999,33,28,HDM,-26.5,26.55833336,650,-69
157,XDASD17,6,28.52324,99.960183,0,0,4511,0.607324362,549,-0.587499976,11.79166698,600.1936035,11.10000038,-16.79999924,-8.199999809,689,144,5,82.63535309,25,29,HDM,-38,37.41250002,605,-84
158,XDASD18,3,28.51378,99.956363,0,0,4517,0.607324362,552,-0.483333379,11.6833334,595.5453491,11.10000038,-16.60000038,-8.050000191,695,145,5,82.2530899,26,31,HDM,-41,40.51666662,605.5,-89.5
159,XDASD19,16,28.5153,99.957951,1,1,4541,0.607324362,552,-0.483333379,11.6833334,595.5453491,11.10000038,-16.60000038,-8.050000191,695,145,5,82.2530899,26,31,HDM,-41,40.51666662,605.5,-89.5
160,XDASD20,11,28.515637,99.957487,0,0,4516,0.607324362,552,-0.483333379,11.6833334,595.5453491,11.10000038,-16.60000038,-8.050000191,695,145,5,82.2530899,26,31,HDM,-41,40.51666662,605.5,-89.5
161,XDASD21,18,28.525891,99.959859,0,0,4521,0.607324362,545,-0.81250006,11.90833378,603.3773193,11,-17.10000038,-8.466667175,684,143,5,82.60500336,24,29,HDM,-38,37.18749994,605,-79
162,XDASD22,11,28.526176,99.959715,0,0,4520,0.607324362,545,-0.81250006,11.90833378,603.3773193,11,-17.10000038,-8.466667175,684,143,5,82.60500336,24,29,HDM,-38,37.18749994,605,-79
163,XDASD23,23,27.791706,99.587281,0,0,4317,1.100695729,593,1.17083323,10.25833321,583.2567749,12.19999981,-13.60000038,-6.116666794,714,136,8,69.39465332,42,28,HDM,4.5,-3.32916677,694.5,-19.5
164,XDASD24,28,27.791463,99.587743,0,0,4328,1.100695729,597,1.241666675,10.16666698,583.3088989,12.19999981,-13.5,-6.033333302,716,137,8,69.04975891,43,27,HDM,-3.5,4.741666675,699.5,-16.5
165,XDASD25,20,27.791407,99.58771,1,1,4314,1.100695729,597,1.241666675,10.16666698,583.3088989,12.19999981,-13.5,-6.033333302,716,137,8,69.04975891,43,27,HDM,-3.5,4.741666675,699.5,-16.5
166,XDASD26,23,27.791441,99.587981,1,1,4328,1.100695729,597,1.241666675,10.16666698,583.3088989,12.19999981,-13.5,-6.033333302,716,137,8,69.04975891,43,27,HDM,-3.5,4.741666675,699.5,-16.5
167,DengT001,25,29.726117,98.056429,2,1,4830,0.460652262,486,-2.966666698,12.03333282,642.2592773,9.699999809,-19.39999962,-10.91666698,613,133,5,85.86289978,20,50,HDM,-62.5,59.5333333,409,-204
168,DengT002,17,29.7039,98.003705,2,1,5110,0.964346588,488,-3.412500143,12.39166641,646.0584106,9.399999619,-20.20000076,-11.38333321,625,134,7,83.57253265,26,49,HDM,-73,69.58749986,415.5,-209.5
169,DengT003,19,29.702594,98.002845,1,1,5137,0.964346588,488,-3.412500143,12.39166641,646.0584106,9.399999619,-20.20000076,-11.38333321,625,134,7,83.57253265,26,49,HDM,-73,69.58749986,415.5,-209.5
170,DengT004,7,29.700336,98.001141,1,1,5227,0.964346588,488,-3.412500143,12.39166641,646.0584106,9.399999619,-20.20000076,-11.38333321,625,134,7,83.57253265,26,49,HDM,-73,69.58749986,415.5,-209.5
171,DengT005,6,29.700173,98.000547,2,1,5248,0.964346588,488,-3.412500143,12.39166641,646.0584106,9.399999619,-20.20000076,-11.38333321,625,134,7,83.57253265,26,49,HDM,-73,69.58749986,415.5,-209.5
172,DengT006,18,29.730589,98.0133,2,1,5022,0.306384325,540,-3.258333206,12.26666641,648.6238403,9.600000381,-20,-11.25,618,133,6,84.53639984,24,48,HDM,-71,67.74166679,412,-206
173,DengT007,11,29.731707,98.015634,0,0,5025,0.460652262,488,-3.258333206,12.26666641,648.6238403,9.600000381,-20,-11.25,618,133,6,84.53639984,24,48,HDM,-71,67.74166679,412,-206
174,DengT008,24,29.731842,98.014926,2,1,5039,0.460652262,488,-3.258333206,12.26666641,648.6238403,9.600000381,-20,-11.25,618,133,6,84.53639984,24,48,HDM,-71,67.74166679,412,-206
175,DengT009,13,30.139767,97.348465,0,0,4776,0.784529448,468,-0.916666687,13.08333302,658.743042,12.89999962,-17.79999924,-9.133333206,593,130,4,88.62469482,18,32,HDM,-39.5,38.58333331,385.5,-207.5
176,DengT010,8,30.138694,97.34742,0,0,4858,0.784529448,468,-0.916666687,13.08333302,658.743042,12.89999962,-17.79999924,-9.133333206,593,130,4,88.62469482,18,32,HDM,-39.5,38.58333331,385.5,-207.5
177,DengT011,12,30.137929,97.347922,2,1,4869,0.784529448,468,-0.916666687,13.08333302,658.743042,12.89999962,-17.79999924,-9.133333206,593,130,4,88.62469482,18,32,HDM,-39.5,38.58333331,385.5,-207.5
178,DengT012,15,30.136738,97.34848,2,1,4863,0.784529448,468,-0.916666687,13.08333302,658.743042,12.89999962,-17.79999924,-9.133333206,593,130,4,88.62469482,18,32,HDM,-39.5,38.58333331,385.5,-207.5
179,DengT013,13,30.140914,97.349283,1,1,4738,0.784529448,468,-0.916666687,13.08333302,658.743042,12.89999962,-17.79999924,-9.133333206,593,130,4,88.62469482,18,32,HDM,-39.5,38.58333331,385.5,-207.5
180,DengT014,6,29.953587,96.636616,0,0,4809,0.757078886,477,-0.462499917,12.75833321,640.2844849,12.89999962,-16.89999962,-8.399999619,628,136,4,88.42851257,19,36,HDM,-37,36.53750008,432,-196
181,DengT015,14,29.95376,96.636574,1,1,4759,0.757078886,477,-0.462499917,12.75833321,640.2844849,12.89999962,-16.89999962,-8.399999619,628,136,4,88.42851257,19,36,HDM,-37,36.53750008,432,-196
182,DengT016,23,29.5899,96.7799,3,1,4970,1.05399394,490,-2.054166555,11.875,677.359375,11.5,-18.5,-10.4333334,655,137,6,83.9288559,26,33,HDM,-64,61.94583345,448,-207
183,DengT017,13,29.5903,96.7799,3,1,4989,1.05399394,490,-2.054166555,11.875,677.359375,11.5,-18.5,-10.4333334,655,137,6,83.9288559,26,33,HDM,-64,61.94583345,448,-207
184,DengT018,18,29.335844,97.017641,1,1,4883,0.868925035,503,-3.020833254,11.24166679,671.3299561,9.600000381,-19.39999962,-11.38333321,672,139,8,81.2511673,31,41,HDM,-77.5,74.47916675,462,-210
185,DengT019,13,29.335796,97.017618,1,1,4888,0.868925035,503,-3.020833254,11.24166679,671.3299561,9.600000381,-19.39999962,-11.38333321,672,139,8,81.2511673,31,41,HDM,-77.5,74.47916675,462,-210
186,DengT020,24,29.335734,97.016511,1,1,4928,0.868925035,494,-4.304166794,11.27499962,672.4698486,8.399999619,-20.70000076,-12.61666679,669,138,8,81.18297577,31,43,HDM,-77.5,73.19583321,462,-207
187,DengT021,8,29.335701,97.016585,0,0,4926,0.868925035,494,-4.304166794,11.27499962,672.4698486,8.399999619,-20.70000076,-12.61666679,669,138,8,81.18297577,31,43,HDM,-77.5,73.19583321,462,-207
188,DengT022,16,29.335359,97.015812,0,0,4983,0.868925035,494,-4.304166794,11.27499962,672.4698486,8.399999619,-20.70000076,-12.61666679,669,138,8,81.18297577,31,43,HDM,-77.5,73.19583321,462,-207
189,DengT023,11,29.756868,95.711711,0,0,4247,0.333294958,495,-0.162500009,10.20833302,671.7890625,12.89999962,-15.5,-8.649999619,678,138,7,84.58261871,26,31,Himalaya,-43,42.83749999,448.5,-229.5
190,DengT024,16,29.760507,95.701,1,1,4050,0.333294958,530,1.5625,10.29166698,665.3745728,14.60000038,-13.69999981,-6.883333206,698,141,7,84.54032898,26,28,Himalaya,-23,24.5625,476,-222
191,DengT025,14,29.756343,95.716167,1,1,4247,0.333294958,495,-0.162500009,10.20833302,671.7890625,12.89999962,-15.5,-8.649999619,678,138,7,84.58261871,26,31,Himalaya,-43,42.83749999,448.5,-229.5
192,DengT026,9,29.756834,97.713051,1,1,4227,0.925258875,476,2.554166555,13.54166698,617.8756104,15.69999981,-14.30000019,-5.333333492,609,130,3,86.43821716,18,38,HDM,-15.5,18.05416656,405,-204
193,DengT027,14,29.757208,95.721291,1,1,4187,0.333294958,504,0.158333257,10.13333321,674.4318848,13.19999981,-15.10000038,-8.383333206,679,138,7,84.69347382,25,32,Himalaya,-43,43.15833326,448.5,-230.5
194,DengT028,14,29.761591,95.701469,0,0,4040,0.333294958,530,1.5625,10.29166698,665.3745728,14.60000038,-13.69999981,-6.883333206,698,141,7,84.54032898,26,28,Himalaya,-23,24.5625,476,-222
195,DengT029,12,29.49101,94.943845,0,0,4012,0.345253944,464,0.908333302,10.13333321,645.7266235,13.30000019,-14.30000019,-7.316666603,651,132,6,85.46125031,22,31,Himalaya,-23.5,24.4083333,448,-203
196,DengT030,18,29.491427,94.943635,0,0,4017,0.345253944,464,0.908333302,10.13333321,645.7266235,13.30000019,-14.30000019,-7.316666603,651,132,6,85.46125031,22,31,Himalaya,-23.5,24.4083333,448,-203
197,DengT031,27,29.492065,94.9424,0,0,4200,0.345253944,440,-0.458333373,10.1833334,646.5637817,12,-15.69999981,-8.633333206,639,131,6,85.63045502,22,27,Himalaya,-23.5,23.04166663,448,-191
198,DengT032,14,29.491958,94.941937,0,0,4175,0.345253944,440,-0.458333373,10.1833334,646.5637817,12,-15.69999981,-8.633333206,639,131,6,85.63045502,22,27,Himalaya,-23.5,23.04166663,448,-191
199,DengT033,19,29.618128,94.649919,2,1,4693,0.711652339,407,-1.095833302,11.24166679,648.8222046,11.69999981,-17.10000038,-9.166666985,625,130,5,87.29589844,21,25,TP,-39,37.9041667,389,-236
200,DengT034,18,29.621167,94.649202,4,1,4765,0.711652339,407,-1.095833302,11.24166679,648.8222046,11.69999981,-17.10000038,-9.166666985,625,130,5,87.29589844,21,25,TP,-39,37.9041667,389,-236
201,DengT035,16,29.622361,94.648741,2,1,4771,0.711652339,407,-1.095833302,11.24166679,648.8222046,11.69999981,-17.10000038,-9.166666985,625,130,5,87.29589844,21,25,TP,-39,37.9041667,389,-236
202,DengT036,15,29.623131,94.648856,1,1,4824,0.711652339,407,-1.095833302,11.24166679,648.8222046,11.69999981,-17.10000038,-9.166666985,625,130,5,87.29589844,21,25,TP,-39,37.9041667,389,-236
203,DengT037,20,29.621472,94.649139,3,1,4764,0.711652339,407,-1.095833302,11.24166679,648.8222046,11.69999981,-17.10000038,-9.166666985,625,130,5,87.29589844,21,25,TP,-39,37.9041667,389,-236
204,DengT039,13,29.802506,92.314308,1,1,5180,1.095289111,261,-3.466666698,12.8166666,688.8604736,10.30000019,-21.39999962,-11.89999962,425,103,4,103.4601974,13,25,TP,-75,71.5333333,215,-210
205,DengT040,10,29.80162,92.314918,2,1,5195,1.095289111,261,-3.466666698,12.8166666,688.8604736,10.30000019,-21.39999962,-11.89999962,425,103,4,103.4601974,13,25,TP,-75,71.5333333,215,-210
206,DengT041,7,29.803763,92.313957,1,1,5185,1.095289111,261,-3.466666698,12.8166666,688.8604736,10.30000019,-21.39999962,-11.89999962,425,103,4,103.4601974,13,25,TP,-75,71.5333333,215,-210
207,DengT042,17,29.80457,92.313483,5,1,5156,1.095289111,261,-3.466666698,12.8166666,688.8604736,10.30000019,-21.39999962,-11.89999962,425,103,4,103.4601974,13,25,TP,-75,71.5333333,215,-210
208,DengT043,7,29.771453,92.373055,1,1,5076,1.095289111,263,-2.154166698,13.75833321,677.6210327,11.80000019,-20.70000076,-10.5,420,102,3,104.4130096,12,21,TP,-66,63.8458333,216,-204
209,DengT044,21,30.682686,91.100423,1,1,5243,1.174017191,263,-4.925000191,12.1833334,792.6437378,10.80000019,-23,-14.69999981,413,111,3,116.0395813,9,35,TP,-94,89.07499981,232,-181
210,DengT045,9,30.683055,91.10084,1,1,5269,1.174017191,263,-4.925000191,12.1833334,792.6437378,10.80000019,-23,-14.69999981,413,111,3,116.0395813,9,35,TP,-94,89.07499981,232,-181
211,DengT046,12,30.68376,91.100755,0,0,5293,1.174017191,264,-4.6875,12.1916666,795.1361694,11.10000038,-22.89999962,-14.51666641,413,111,3,116.0395813,9,31,TP,-94,89.3125,232,-181
212,DengT047,8,30.685167,91.10293,2,1,5417,1.174017191,264,-4.6875,12.1916666,795.1361694,11.10000038,-22.89999962,-14.51666641,413,111,3,116.0395813,9,31,TP,-94,89.3125,232,-181
213,DengT048,14,31.932325,93.319433,1,1,4822,1.328505158,406,-2.870833158,13.04166698,805.3865967,13.19999981,-22.29999924,-12.96666622,577,132,5,101.4758606,19,30,TP,-93,90.12916684,334.5,-242.5
214,DengT049,23,31.932471,93.319599,1,1,4837,1.328505158,406,-2.870833158,13.04166698,805.3865967,13.19999981,-22.29999924,-12.96666622,577,132,5,101.4758606,19,30,TP,-93,90.12916684,334.5,-242.5
215,DengT050,21,31.93253,93.320153,3,1,4832,1.328505158,406,-2.870833158,13.04166698,805.3865967,13.19999981,-22.29999924,-12.96666622,577,132,5,101.4758606,19,30,TP,-93,90.12916684,334.5,-242.5
216,DengT051,22,30.685214,91.10469,1,1,4802,1.174017191,264,-4.6875,12.1916666,795.1361694,11.10000038,-22.89999962,-14.51666641,413,111,3,116.0395813,9,31,TP,-94,89.3125,232,-181
217,DengT052,5,31.809241,94.276591,0,0,4831,1.37713778,437,-3.125,12.58333302,778.4293823,12.80000019,-21.60000038,-12.89999962,658,147,6,97.74467468,23,34,HDM,-88.5,85.375,353,-305
218,DengT053,17,31.808958,94.276976,1,1,4862,1.37713778,437,-3.125,12.58333302,778.4293823,12.80000019,-21.60000038,-12.89999962,658,147,6,97.74467468,23,34,HDM,-88.5,85.375,353,-305
219,DengT054,17,31.808121,94.277325,2,1,4925,1.37713778,429,-3.441666603,12.73333359,764.4095459,12.30000019,-21.79999924,-13,667,150,6,97.80445862,23,39,HDM,-88.5,85.0583334,353,-314
220,DengT055,22,31.807197,94.278036,0,0,4985,1.37713778,429,-3.441666603,12.73333359,764.4095459,12.30000019,-21.79999924,-13,667,150,6,97.80445862,23,39,HDM,-88.5,85.0583334,353,-314
221,DengT056,13,31.806333,94.278253,1,1,5007,1.37713778,429,-3.441666603,12.73333359,764.4095459,12.30000019,-21.79999924,-13,667,150,6,97.80445862,23,39,HDM,-88.5,85.0583334,353,-314
222,DengT057,18,31.674575,94.929895,1,1,4929,1.099883914,451,-3.866666794,11.51666641,783.4229736,11.89999962,-21.60000038,-13.6833334,676,152,6,96.20037079,24,41,HDM,-87.5,83.63333321,355,-321
223,DengT058,8,31.674136,94.929584,0,0,4957,1.099883914,451,-3.866666794,11.51666641,783.4229736,11.89999962,-21.60000038,-13.6833334,676,152,6,96.20037079,24,41,HDM,-87.5,83.63333321,355,-321
224,DengT059,16,31.673109,94.931018,1,1,5002,1.099883914,451,-3.866666794,11.51666641,783.4229736,11.89999962,-21.60000038,-13.6833334,676,152,6,96.20037079,24,41,HDM,-87.5,83.63333321,355,-321
225,DengT060,9,31.6727,94.9333,1,1,5040,1.099883914,451,-3.866666794,11.51666641,783.4229736,11.89999962,-21.60000038,-13.6833334,676,152,6,96.20037079,24,41,HDM,-87.5,83.63333321,355,-321
226,DengT061,20,31.6727,94.9333,1,1,5040,1.099883914,451,-3.866666794,11.51666641,783.4229736,11.89999962,-21.60000038,-13.6833334,676,152,6,96.20037079,24,41,HDM,-87.5,83.63333321,355,-321
227,DengT063,10,31.29861,96.7675,1,1,4730,0.566735387,455,-2.195833445,12.4416666,707.2689209,12.19999981,-19.5,-10.96666718,616,137,5,93.37082672,20,23,HDM,-60.5,58.30416656,351,-265
228,DengT064,7,31.29861,96.7675,1,1,4730,0.566735387,455,-2.195833445,12.4416666,707.2689209,12.19999981,-19.5,-10.96666718,616,137,5,93.37082672,20,23,HDM,-60.5,58.30416656,351,-265
229,DengT065,10,31.29861,96.7675,0,0,4730,0.566735387,455,-2.195833445,12.4416666,707.2689209,12.19999981,-19.5,-10.96666718,616,137,5,93.37082672,20,23,HDM,-60.5,58.30416656,351,-265
230,DengT066,12,31.083064,96.95238,1,1,4619,0.507433772,448,-0.533333361,12.23333359,700.09198,13.69999981,-17.5,-9.283333778,590,130,4,94.10063171,17,24,HDM,-67.5,66.96666664,356.5,-233.5
231,DengT067,12,31.083064,96.95238,4,1,4619,0.507433772,448,-0.533333361,12.23333359,700.09198,13.69999981,-17.5,-9.283333778,590,130,4,94.10063171,17,24,HDM,-67.5,66.96666664,356.5,-233.5
232,DengT068,13,31.085124,96.9503,0,0,4726,0.507433772,452,-1.225000024,12.13333321,693.0318604,12.89999962,-18.10000038,-9.850000381,601,133,4,93.89163208,17,28,HDM,-59,57.77499998,355,-246
233,DengT069,8,31.085124,96.950361,1,1,4728,0.507433772,452,-1.225000024,12.13333321,693.0318604,12.89999962,-18.10000038,-9.850000381,601,133,4,93.89163208,17,28,HDM,-59,57.77499998,355,-246
234,DengT070,25,31.948722,98.909129,0,0,4627,0.571939647,501,-3.329166651,12.0583334,746.84021,11.60000038,-21.20000076,-12.71666718,653,132,7,88.9050293,25,36,HDM,-59.5,56.17083335,432.5,-220.5
235,DengT071,19,31.94763,98.911465,0,0,4733,0.571939647,501,-3.329166651,12.0583334,746.84021,11.60000038,-21.20000076,-12.71666718,653,132,7,88.9050293,25,36,HDM,-59.5,56.17083335,432.5,-220.5
236,DengT072,17,31.947635,98.913597,2,1,4723,0.571939647,501,-3.329166651,12.0583334,746.84021,11.60000038,-21.20000076,-12.71666718,653,132,7,88.9050293,25,36,HDM,-59.5,56.17083335,432.5,-220.5
237,DengT073,13,31.947442,98.913954,1,1,4708,0.571939647,501,-3.329166651,12.0583334,746.84021,11.60000038,-21.20000076,-12.71666718,653,132,7,88.9050293,25,36,HDM,-59.5,56.17083335,432.5,-220.5
238,DengT074,23,31.947178,98.910815,0,0,4725,0.571939647,501,-3.329166651,12.0583334,746.84021,11.60000038,-21.20000076,-12.71666718,653,132,7,88.9050293,25,36,HDM,-59.5,56.17083335,432.5,-220.5
239,DengT075,21,31.940884,98.922706,3,1,4808,0.571939647,504,-4.462500095,11.77499962,751.6773071,10.39999962,-22.29999924,-13.88333321,662,135,8,88.45843506,27,41,HDM,-70.5,66.03749991,441,-221
240,DengT076,5,31.93443,98.926389,0,0,4872,0.571939647,505,-3.991666794,11.80000019,753.4883423,10.89999962,-21.79999924,-13.46666718,657,134,8,88.5013504,27,41,HDM,-70.5,66.50833321,441,-216
241,ZDG16,23,29.813706,92.366656,0,0,4906,1.095289111,262,-2.266666651,13.71666718,685.2250366,11.80000019,-20.89999962,-10.6833334,423,103,3,104.709549,12,26,TP,-67,64.73333335,217,-206
242,ZDG18,13,30.681481,91.098933,0,0,5157,1.174017191,265,-4.316666603,12.21666718,796.949707,11.5,-22.5,-14.1833334,412,111,3,116.4438782,9,34,TP,-94,89.6833334,232,-180
243,ZDG21,22,30.680689,91.101731,0,0,5162,1.174017191,263,-4.925000191,12.1833334,792.6437378,10.80000019,-23,-14.69999981,413,111,3,116.0395813,9,35,TP,-94,89.07499981,232,-181
244,ZDG22,8,31.807244,94.265464,0,0,4607,1.37713778,452,-1.616666675,12.94999981,769.3070679,14.19999981,-20.29999924,-11.35000038,646,144,5,98.19070435,21,35,HDM,-88.5,86.88333333,353,-293
245,ZDG23,9,31.801703,94.262158,0,0,4560,1.37713778,452,-1.616666675,12.94999981,769.3070679,14.19999981,-20.29999924,-11.35000038,646,144,5,98.19070435,21,35,HDM,-88.5,86.88333333,353,-293
246,ZDG24,24,31.800514,94.263908,0,0,4458,1.37713778,452,-1.616666675,12.94999981,769.3070679,14.19999981,-20.29999924,-11.35000038,646,144,5,98.19070435,21,35,HDM,-88.5,86.88333333,353,-293
247,ZDG25,13,31.691053,94.915917,0,0,4753,0.816046834,465,-2.616666555,11.55000019,786.0410767,13.10000038,-20.5,-12.55000019,654,145,6,95.60051727,23,28,HDM,-84.5,81.88333345,358,-296
248,ZDG26,16,31.689233,94.927031,0,0,4859,1.099883914,464,-2.854166746,11.4416666,785.5237427,12.89999962,-20.60000038,-12.75,660,146,6,95.97959137,23,31,HDM,-87.5,84.64583325,355,-305
249,ZDG27,26,31.695305,94.930903,1,1,4822,0.816046834,456,-3.629166603,11.32499981,787.9128418,12.10000038,-21.29999924,-13.53333282,670,149,6,95.98671722,23,35,HDM,-87.5,83.8708334,355,-315
250,ZDG28,42,31.69485,94.942117,0,0,4504,0.816046834,478,-1.612499952,11.42500019,784.7788086,14.10000038,-19.29999924,-11.58333302,652,144,5,96.21562195,22,23,HDM,-87.5,85.88750005,355,-297
251,ZDG29,37,31.694836,94.942295,1,1,4518,0.816046834,478,-1.612499952,11.42500019,784.7788086,14.10000038,-19.29999924,-11.58333302,652,144,5,96.21562195,22,23,HDM,-87.5,85.88750005,355,-297
252,ZDG30,17,31.307464,96.750314,0,0,4235,0.566735387,449,0.145833313,12.97500038,706.9989624,14.69999981,-17.5,-8.716666222,587,130,5,93.97058868,18,17,HDM,-60.5,60.64583331,351,-236
253,ZDG31,16,31.322634,96.769693,0,0,4420,0.566735387,452,-0.433333427,13.08333302,703.6442261,14,-18.20000076,-9.233333588,592,132,5,94.12322235,18,20,HDM,-60.5,60.06666657,351,-241
254,ZDG32,27,31.32455,96.770825,2,1,4474,0.566735387,452,-0.433333427,13.08333302,703.6442261,14,-18.20000076,-9.233333588,592,132,5,94.12322235,18,20,HDM,-60.5,60.06666657,351,-241
255,ZDG33,19,31.325192,96.770964,2,1,4505,0.566735387,455,-0.854166687,13.125,701.8723755,13.5,-18.60000038,-9.633333206,597,134,5,94.37252808,18,22,HDM,-60.5,59.64583331,351,-246
256,ZDG34,15,31.082827,96.950575,0,0,4566,0.507433772,448,-0.533333361,12.23333359,700.09198,13.69999981,-17.5,-9.283333778,590,130,4,94.10063171,17,24,HDM,-67.5,66.96666664,356.5,-233.5
257,ZDG35,15,31.083147,96.951141,0,0,4576,0.507433772,448,-0.533333361,12.23333359,700.09198,13.69999981,-17.5,-9.283333778,590,130,4,94.10063171,17,24,HDM,-67.5,66.96666664,356.5,-233.5
258,ZDG36,11,31.082323,96.949083,0,0,4542,0.507433772,449,-0.683333397,12.21666718,701.7327271,13.60000038,-17.60000038,-9.449999809,593,131,4,93.8729248,17,27,HDM,-67.5,66.8166666,356.5,-236.5
259,DengT078,5,29.9386111,97.4283333,0,0,4819,0.784529448,471,-0.266666591,13.08333302,641.6043091,13.10000038,-16.89999962,-8.283332825,589,128,4,87.18877411,18,32,HDM,-39,38.73333341,395.5,-193.5
260,DengT079,10,29.9380556,97.4272222,1,1,4876,0.784529448,471,-0.266666591,13.08333302,641.6043091,13.10000038,-16.89999962,-8.283332825,589,128,4,87.18877411,18,32,HDM,-39,38.73333341,395.5,-193.5
261,DengT080,10,29.9380556,97.4261111,2,1,4922,0.784529448,471,-0.266666591,13.08333302,641.6043091,13.10000038,-16.89999962,-8.283332825,589,128,4,87.18877411,18,32,HDM,-39,38.73333341,395.5,-193.5
262,DengT081,21,30.62,97.2308333,1,1,5012,0.761611402,462,-2.258333445,12.55000019,671.5579834,11.5,-19.20000076,-10.53333282,610,134,5,91.20111847,19,45,HDM,-73.5,71.24166656,374,-236
263,DengT082,17,30.6194444,97.2311111,0,0,5012,0.761611402,462,-2.258333445,12.55000019,671.5579834,11.5,-19.20000076,-10.53333282,610,134,5,91.20111847,19,45,HDM,-73.5,71.24166656,374,-236
264,DengT083,21,30.618333,97.23,1,1,5019,0.895555913,475,0.433333367,13.39999962,676.0020752,14.60000038,-16.89999962,-7.983333111,621,135,4,91.82134247,18,24,HDM,-52.5,52.93333337,378.5,-242.5
265,DengT084,25,30.6208333,97.2308333,2,1,5005,0.761611402,462,-2.258333445,12.55000019,671.5579834,11.5,-19.20000076,-10.53333282,610,134,5,91.20111847,19,45,HDM,-73.5,71.24166656,374,-236
266,DengT085,21,32.3158333,96.6227778,1,1,4706,0.745491445,448,-1.570833445,13.00833321,731.2581177,13.39999962,-19.70000076,-10.8166666,597,133,4,97.49260712,17,20,HDM,-63.5,61.92916656,342.5,-254.5
267,DengT086,24,32.3172222,96.6219444,3,1,4791,0.745491445,445,-2.920833349,12.85833359,727.9937134,11.89999962,-21,-12.10000038,616,138,4,97.08309937,18,25,HDM,-63.5,60.57916665,342.5,-273.5
268,DengT087,15,32.3216667,96.6208333,1,1,4903,0.745491445,445,-2.920833349,12.85833359,727.9937134,11.89999962,-21,-12.10000038,616,138,4,97.08309937,18,25,HDM,-63.5,60.57916665,342.5,-273.5
269,DengT088,11,32.3216667,96.6188889,3,1,4968,0.745491445,445,-2.920833349,12.85833359,727.9937134,11.89999962,-21,-12.10000038,616,138,4,97.08309937,18,25,HDM,-63.5,60.57916665,342.5,-273.5
270,DengT089,11,32.3216667,96.6188889,3,1,4980,0.745491445,445,-2.920833349,12.85833359,727.9937134,11.89999962,-21,-12.10000038,616,138,4,97.08309937,18,25,HDM,-63.5,60.57916665,342.5,-273.5
271,DengT090,21,31.9394444,96.4844444,1,1,4569,1.101418495,454,-1.137500048,13.29166698,705.5852661,13.39999962,-19.10000038,-10.03333378,605,137,4,97.09418488,17,21,HDM,-65,63.86249995,345,-260
272,DengT091,17,31.6098472,96.4201194,1,1,4596,1.016406775,455,-1.166666746,12.80000019,707.583374,13.39999962,-18.70000076,-10.01666641,605,137,4,96.89209747,16,24,HDM,-65.5,64.33333325,350,-255
273,DengT092,17,31.6098611,96.4204694,1,1,4577,1.016406775,455,-1.166666746,12.80000019,707.583374,13.39999962,-18.70000076,-10.01666641,605,137,4,96.89209747,16,24,HDM,-65.5,64.33333325,350,-255
274,DengT093,19,31.6100611,96.4204833,1,1,4615,1.016406775,455,-1.166666746,12.80000019,707.583374,13.39999962,-18.70000076,-10.01666641,605,137,4,96.89209747,16,24,HDM,-65.5,64.33333325,350,-255
275,DengT094,13,31.6102722,96.4210278,0,0,4625,1.016406775,455,-1.166666746,12.80000019,707.583374,13.39999962,-18.70000076,-10.01666641,605,137,4,96.89209747,16,24,HDM,-65.5,64.33333325,350,-255
276,DengT095,12,32.2954861,95.8375556,0,0,4935,1.520979166,452,-3.716666698,12.80000019,751.2786865,11.39999962,-22,-13.15000057,625,144,5,98.77733612,20,40,HDM,-84.5,80.7833333,347,-278
277,DengT096,14,32.2957889,95.8374639,0,0,4941,1.520979166,452,-3.716666698,12.80000019,751.2786865,11.39999962,-22,-13.15000057,625,144,5,98.77733612,20,40,HDM,-84.5,80.7833333,347,-278
278,DengT097,30,32.7964,95.147347,1,1,4709,1.306838632,437,-2.708333254,13.38333321,781.7835693,13.10000038,-21.89999962,-12.61666679,574,132,4,100.9259415,17,34,HDM,-93,90.29166675,332,-242
279,DengT098,17,32.795433,95.147806,2,1,4768,1.306838632,437,-2.708333254,13.38333321,781.7835693,13.10000038,-21.89999962,-12.61666679,574,132,4,100.9259415,17,34,HDM,-93,90.29166675,332,-242
280,DengT099,16,32.795247,95.148236,0,0,4794,1.306838632,437,-2.708333254,13.38333321,781.7835693,13.10000038,-21.89999962,-12.61666679,574,132,4,100.9259415,17,34,HDM,-93,90.29166675,332,-242
281,DengT100,18,32.795417,95.148136,0,0,4779,1.306838632,437,-2.708333254,13.38333321,781.7835693,13.10000038,-21.89999962,-12.61666679,574,132,4,100.9259415,17,34,HDM,-93,90.29166675,332,-242
282,DengT101,10,32.923733,95.7581,0,0,4797,1.734882355,434,-4.175000191,12.69999981,799.3164673,11.60000038,-23.20000076,-14.28333378,592,135,5,99.55905151,19,32,HDM,-94.5,90.32499981,319,-273
283,DengT102,11,32.923311,95.757956,0,0,4789,1.734882355,434,-4.175000191,12.69999981,799.3164673,11.60000038,-23.20000076,-14.28333378,592,135,5,99.55905151,19,32,HDM,-94.5,90.32499981,319,-273
284,DengT103,14,32.922717,95.758217,1,1,4829,1.734882355,434,-4.175000191,12.69999981,799.3164673,11.60000038,-23.20000076,-14.28333378,592,135,5,99.55905151,19,32,HDM,-94.5,90.32499981,319,-273
285,DengT104,15,32.922778,95.758242,0,0,4832,1.734882355,434,-4.175000191,12.69999981,799.3164673,11.60000038,-23.20000076,-14.28333378,592,135,5,99.55905151,19,32,HDM,-94.5,90.32499981,319,-273
286,DengT105,27,33.5627194,96.3446472,0,0,4706,1.081799626,398,-4.741666794,13.5666666,787.1491699,10.89999962,-24.29999924,-14.66666698,565,130,4,99.73786163,16,31,HDM,-99,94.25833321,273.5,-291.5
287,DengT106,14,33.5635944,96.3449611,0,0,4762,1.081799626,398,-4.741666794,13.5666666,787.1491699,10.89999962,-24.29999924,-14.66666698,565,130,4,99.73786163,16,31,HDM,-99,94.25833321,273.5,-291.5
288,DengT107,12,33.5637972,96.3449861,0,0,4804,1.081799626,398,-4.741666794,13.5666666,787.1491699,10.89999962,-24.29999924,-14.66666698,565,130,4,99.73786163,16,31,HDM,-99,94.25833321,273.5,-291.5
289,DengT108,15,33.5637083,96.3440583,0,0,4778,1.081799626,398,-4.741666794,13.5666666,787.1491699,10.89999962,-24.29999924,-14.66666698,565,130,4,99.73786163,16,31,HDM,-99,94.25833321,273.5,-291.5
290,DengT109,12,32.5629778,97.1995556,0,0,4814,1.031263113,441,-3.866666555,13.0666666,778.9221191,11.69999981,-22.79999924,-13.66666603,621,137,7,93.7648468,25,32,HDM,-86,82.13333345,345.5,-275.5
291,DengT110,27,32.5634833,97.1993694,0,0,4842,1.031263113,441,-3.866666555,13.0666666,778.9221191,11.69999981,-22.79999924,-13.66666603,621,137,7,93.7648468,25,32,HDM,-86,82.13333345,345.5,-275.5
292,DengT111,20,32.5640944,97.1993583,0,0,4881,1.031263113,441,-3.866666555,13.0666666,778.9221191,11.69999981,-22.79999924,-13.66666603,621,137,7,93.7648468,25,32,HDM,-86,82.13333345,345.5,-275.5
293,DengT112,6,32.5642889,97.1994639,0,0,4903,1.031263113,441,-3.866666555,13.0666666,778.9221191,11.69999981,-22.79999924,-13.66666603,621,137,7,93.7648468,25,32,HDM,-86,82.13333345,345.5,-275.5
294,DengT113,9,32.5646778,97.2001806,0,0,4921,1.031263113,439,-3.762500048,13.09166718,778.8515015,11.80000019,-22.70000076,-13.5666666,620,137,7,93.70780945,25,33,HDM,-86,82.23749995,345.5,-274.5
295,DengT114,13,32.5647944,97.2002306,0,0,4922,1.031263113,439,-3.762500048,13.09166718,778.8515015,11.80000019,-22.70000076,-13.5666666,620,137,7,93.70780945,25,33,HDM,-86,82.23749995,345.5,-274.5
296,DengT115,25,32.737375,98.1098111,1,1,4902,1.090131521,454,-5.283333302,12.75,792.7694092,10.60000038,-24.20000076,-15.1833334,620,136,7,92.15961456,25,41,TP,-83.5,78.2166667,364.5,-255.5
297,DengT116,23,32.7356944,98.1096056,2,1,4945,1.090131521,454,-5.283333302,12.75,792.7694092,10.60000038,-24.20000076,-15.1833334,620,136,7,92.15961456,25,41,TP,-83.5,78.2166667,364.5,-255.5
298,DengT117,19,32.7357444,98.1094444,2,1,4952,1.090131521,454,-5.283333302,12.75,792.7694092,10.60000038,-24.20000076,-15.1833334,620,136,7,92.15961456,25,41,TP,-83.5,78.2166667,364.5,-255.5
299,DengT118,2,32.7354833,98.1091861,0,0,4951,1.090131521,454,-5.283333302,12.75,792.7694092,10.60000038,-24.20000076,-15.1833334,620,136,7,92.15961456,25,41,TP,-83.5,78.2166667,364.5,-255.5
300,DengT119,9,32.7353944,96.1093694,0,0,4945,1.360901713,441,-1.920833349,13.82499981,752.6814575,13.39999962,-21.10000038,-11.5,580,132,3,99.82636261,16,24,HDM,-71,69.07916665,333,-247
301,DengT120,4,32.7324861,98.1075389,0,0,4975,1.090131521,451,-5.320833206,12.75833321,793.8326416,10.60000038,-24.20000076,-15.21666718,614,136,6,93.09138489,23,41,TP,-83.5,78.17916679,364.5,-249.5
302,DengT121,3,32.7330556,98.1039333,0,0,4917,1.090131521,451,-5.320833206,12.75833321,793.8326416,10.60000038,-24.20000076,-15.21666718,614,136,6,93.09138489,23,41,TP,-83.5,78.17916679,364.5,-249.5
303,DengT122,9,33.527608,97.0244,0,0,4878,2.522640467,404,-6.708333492,12.80000019,838.6917114,9.699999809,-26.39999962,-17.21666718,578,132,6,95.48825836,22,39,HDM,-102,95.29166651,280,-298
304,DengT123,7,33.527608,97.0243,0,0,4878,2.522640467,404,-6.708333492,12.80000019,838.6917114,9.699999809,-26.39999962,-17.21666718,578,132,6,95.48825836,22,39,HDM,-102,95.29166651,280,-298
305,DengT124,17,33.529228,97.0215,1,1,4914,2.522640467,404,-6.708333492,12.80000019,838.6917114,9.699999809,-26.39999962,-17.21666718,578,132,6,95.48825836,22,39,HDM,-102,95.29166651,280,-298
306,DengT125,5,33.530122,97.020814,1,1,4936,2.522640467,404,-6.708333492,12.80000019,838.6917114,9.699999809,-26.39999962,-17.21666718,578,132,6,95.48825836,22,39,HDM,-102,95.29166651,280,-298
307,DengT126,34,33.399775,96.8314,1,1,4608,0.643409073,403,-2.5,14.1833334,783.6192017,13.30000019,-22.29999924,-12.4333334,549,123,4,96.84528351,17,24,HDM,-71,68.5,284,-265
308,DengT127,24,33.398636,96.835117,0,0,4588,0.643409073,409,-3.970833302,13.85833359,784.2931519,11.69999981,-23.60000038,-13.85000038,571,129,4,96.61733246,19,26,HDM,-97.5,93.5291667,290.5,-280.5
309,DengT128,16,33.397539,96.835833,0,0,4596,0.643409073,409,-3.970833302,13.85833359,784.2931519,11.69999981,-23.60000038,-13.85000038,571,129,4,96.61733246,19,26,HDM,-97.5,93.5291667,290.5,-280.5
310,DengT129,15,33.397653,96.835928,0,0,4610,0.643409073,409,-3.970833302,13.85833359,784.2931519,11.69999981,-23.60000038,-13.85000038,571,129,4,96.61733246,19,26,HDM,-97.5,93.5291667,290.5,-280.5
311,DengT130,7,35.061042,98.675914,0,0,4467,2.746788979,328,-5.900000095,12.09999943,898.4481812,10.89999962,-26.20000076,-17.25,392,87,5,90.29217529,18,25,TP,-100,94.09999991,214.5,-177.5
312,DengT131,29,35.061042,98.675914,1,1,4467,2.746788979,328,-5.900000095,12.09999943,898.4481812,10.89999962,-26.20000076,-17.25,392,87,5,90.29217529,18,25,TP,-100,94.09999991,214.5,-177.5
313,DengT132,21,35.097692,98.895819,2,1,4440,1.946434498,336,-5.491666794,12.13333321,886.5634155,11.10000038,-25.70000076,-16.71666718,397,88,4,91.86069489,15,21,TP,-88.5,83.00833321,215,-182
314,DengT133,16,35.097544,98.895658,0,0,4432,1.946434498,336,-5.491666794,12.13333321,886.5634155,11.10000038,-25.70000076,-16.71666718,397,88,4,91.86069489,15,21,TP,-88.5,83.00833321,215,-182
315,DengT134,12,35.097644,98.895681,0,0,4420,1.946434498,336,-5.491666794,12.13333321,886.5634155,11.10000038,-25.70000076,-16.71666718,397,88,4,91.86069489,15,21,TP,-88.5,83.00833321,215,-182
316,DengT135,31,32.7971972,100.5649417,1,1,4567,1.129481792,544,-3.141666651,13.64999962,723.8308105,11.69999981,-22.60000038,-12.38333321,719,136,4,87.83628845,19,34,HDM,-61.5,58.35833335,518.5,-200.5
317,DengT136,27,32.7968167,100.5646917,0,0,4572,1.129481792,544,-3.141666651,13.64999962,723.8308105,11.69999981,-22.60000038,-12.38333321,719,136,4,87.83628845,19,34,HDM,-61.5,58.35833335,518.5,-200.5
318,DengT137,9,32.7968139,100.5647111,0,0,4580,1.129481792,544,-3.141666651,13.64999962,723.8308105,11.69999981,-22.60000038,-12.38333321,719,136,4,87.83628845,19,34,HDM,-61.5,58.35833335,518.5,-200.5
319,DengT138,17,32.7965306,100.5648667,1,1,4596,1.129481792,544,-3.141666651,13.64999962,723.8308105,11.69999981,-22.60000038,-12.38333321,719,136,4,87.83628845,19,34,HDM,-61.5,58.35833335,518.5,-200.5
320,DengT139,12,32.7964,100.5647694,0,0,4609,1.129481792,544,-3.141666651,13.64999962,723.8308105,11.69999981,-22.60000038,-12.38333321,719,136,4,87.83628845,19,34,HDM,-61.5,58.35833335,518.5,-200.5
321,DengT140,14,32.7964,100.5647694,2,1,4609,1.129481792,544,-3.141666651,13.64999962,723.8308105,11.69999981,-22.60000038,-12.38333321,719,136,4,87.83628845,19,34,HDM,-61.5,58.35833335,518.5,-200.5
322,DengT141,21,32.4345778,100.3883444,1,1,4673,1.284283042,552,-2.770833492,14.00833321,729.2756958,12.19999981,-22.5,-12.10000038,707,136,4,89.21999359,19,33,TP,-57,54.22916651,521.5,-185.5
323,DengT142,14,32.4345278,100.3880833,1,1,4680,1.284283042,552,-2.770833492,14.00833321,729.2756958,12.19999981,-22.5,-12.10000038,707,136,4,89.21999359,19,33,TP,-57,54.22916651,521.5,-185.5
324,DengT143,23,32.4345833,100.387875,1,1,4698,1.284283042,552,-2.770833492,14.00833321,729.2756958,12.19999981,-22.5,-12.10000038,707,136,4,89.21999359,19,33,TP,-57,54.22916651,521.5,-185.5
325,DengT144,8,32.4341444,100.3876389,0,0,4697,1.284283042,552,-2.770833492,14.00833321,729.2756958,12.19999981,-22.5,-12.10000038,707,136,4,89.21999359,19,33,TP,-57,54.22916651,521.5,-185.5
326,DengT145,21,32.4341833,100.3874861,1,1,4716,1.284283042,552,-2.770833492,14.00833321,729.2756958,12.19999981,-22.5,-12.10000038,707,136,4,89.21999359,19,33,TP,-57,54.22916651,521.5,-185.5
327,DengT146,15,31.8253611,100.258925,1,1,4562,0.566538811,574,-1.258333325,13.71666622,690.9276733,13,-19.89999962,-10.0666666,694,140,4,91.74415588,17,24,HDM,-46,44.74166668,540,-154
328,DengT147,9,31.8243167,100.2580111,0,0,4648,0.566538811,572,-1.270833373,13.77499962,685.8950806,12.89999962,-19.89999962,-10.01666641,692,138,4,91.53708649,17,25,HDM,-46,44.72916663,540,-152
329,DengT148,28,31.8240667,100.2582,2,1,4636,0.566538811,572,-1.270833373,13.77499962,685.8950806,12.89999962,-19.89999962,-10.01666641,692,138,4,91.53708649,17,25,HDM,-46,44.72916663,540,-152
330,DengT149,12,31.8229083,100.2579194,0,0,4663,0.566538811,572,-1.270833373,13.77499962,685.8950806,12.89999962,-19.89999962,-10.01666641,692,138,4,91.53708649,17,25,HDM,-46,44.72916663,540,-152
331,DengT150,27,31.8222639,100.2577,3,1,4666,0.566538811,572,-1.270833373,13.77499962,685.8950806,12.89999962,-19.89999962,-10.01666641,692,138,4,91.53708649,17,25,HDM,-46,44.72916663,540,-152
332,DengT151,13,32.4341833,100.3874861,0,0,4716,1.284283042,552,-2.770833492,14.00833321,729.2756958,12.19999981,-22.5,-12.10000038,707,136,4,89.21999359,19,33,TP,-57,54.22916651,521.5,-185.5
333,HuangXH001,8,29.93895,97.419411,0,0,4766,0.784529448,475,-0.758333445,12.8166666,639.7223511,12.5,-17.20000076,-8.716666222,591,129,4,87.24140167,18,35,HDM,-39,38.24166656,395.5,-195.5
334,HuangXH002,11,29.938775,97.4292611,0,0,4734,0.784529448,471,-0.266666591,13.08333302,641.6043091,13.10000038,-16.89999962,-8.283332825,589,128,4,87.18877411,18,32,HDM,-39,38.73333341,395.5,-193.5
335,HuangXH003,16,29.9383083,97.4329472,1,1,4561,0.784529448,471,-0.266666591,13.08333302,641.6043091,13.10000038,-16.89999962,-8.283332825,589,128,4,87.18877411,18,32,HDM,-39,38.73333341,395.5,-193.5
336,HuangXH004,17,30.6248861,97.2331556,0,0,4936,0.761611402,462,-2.258333445,12.55000019,671.5579834,11.5,-19.20000076,-10.53333282,610,134,5,91.20111847,19,45,HDM,-73.5,71.24166656,374,-236
337,HuangXH005,31,30.6218194,97.2315167,3,1,4947,0.761611402,462,-2.258333445,12.55000019,671.5579834,11.5,-19.20000076,-10.53333282,610,134,5,91.20111847,19,45,HDM,-73.5,71.24166656,374,-236
338,HuangXH006,23,32.3139278,96.6273278,3,1,4660,0.745491445,444,-1.462499976,12.95833397,731.1638794,13.5,-19.60000038,-10.71666718,595,133,4,98.07622528,16,19,HDM,-63.5,62.03750002,342,-253
339,HuangXH007,10,32.3102778,96.6280556,0,0,4631,0.745491445,444,-1.462499976,12.95833397,731.1638794,13.5,-19.60000038,-10.71666718,595,133,4,98.07622528,16,19,HDM,-63.5,62.03750002,342,-253
340,HuangXH008,18,32.310325,96.6282722,0,0,4616,0.745491445,444,-1.462499976,12.95833397,731.1638794,13.5,-19.60000038,-10.71666718,595,133,4,98.07622528,16,19,HDM,-63.5,62.03750002,342,-253
341,HuangXH009,19,32.3098139,96.6279333,0,0,4628,0.745491445,444,-1.462499976,12.95833397,731.1638794,13.5,-19.60000038,-10.71666718,595,133,4,98.07622528,16,19,HDM,-63.5,62.03750002,342,-253
342,HuangXH010,22,31.940525,96.4832083,2,1,4518,1.101418495,458,0.145833373,13.34166622,708.1937866,14.80000019,-17.79999924,-8.816666603,587,132,4,97.43224335,16,20,HDM,-65,65.14583337,345,-242
343,HuangXH011,13,31.9398083,96.4844056,0,0,4580,1.101418495,454,-1.137500048,13.29166698,705.5852661,13.39999962,-19.10000038,-10.03333378,605,137,4,97.09418488,17,21,HDM,-65,63.86249995,345,-260
344,HuangXH012,26,31.9397389,96.4845528,0,0,4574,1.101418495,454,-1.137500048,13.29166698,705.5852661,13.39999962,-19.10000038,-10.03333378,605,137,4,97.09418488,17,21,HDM,-65,63.86249995,345,-260
345,HuangXH013,18,31.9390944,96.4851722,0,0,4614,1.101418495,454,-1.137500048,13.29166698,705.5852661,13.39999962,-19.10000038,-10.03333378,605,137,4,97.09418488,17,21,HDM,-65,63.86249995,345,-260
346,HuangXH014,21,31.9394333,96.48465,0,0,4553,1.101418495,454,-1.137500048,13.29166698,705.5852661,13.39999962,-19.10000038,-10.03333378,605,137,4,97.09418488,17,21,HDM,-65,63.86249995,345,-260
347,HuangXH015,22,31.28875,95.840975,2,1,4818,0.925681651,512,3.879166603,13.45833302,695.6829834,18.79999924,-13.39999962,-5,582,131,3,97.34584045,14,37,HDM,-23.5,27.3791666,400.5,-181.5
348,HuangXH016,21,32.2889111,95.8413139,2,1,4849,1.520979166,458,-2.799999952,12.91666698,751.4349976,12.30000019,-21.20000076,-12.28333282,608,139,4,99.10163116,18,34,HDM,-89,86.20000005,345.5,-262.5
349,HuangXH017,23,32.799847,95.142833,0,0,4669,1.306838632,437,-2.708333254,13.38333321,781.7835693,13.10000038,-21.89999962,-12.61666679,574,132,4,100.9259415,17,34,HDM,-93,90.29166675,332,-242
350,HuangXH018,16,32.799167,95.142408,0,0,4710,1.306838632,437,-2.708333254,13.38333321,781.7835693,13.10000038,-21.89999962,-12.61666679,574,132,4,100.9259415,17,34,HDM,-93,90.29166675,332,-242
351,HuangXH019,12,32.798906,95.142208,0,0,4711,1.306838632,437,-2.708333254,13.38333321,781.7835693,13.10000038,-21.89999962,-12.61666679,574,132,4,100.9259415,17,34,HDM,-93,90.29166675,332,-242
352,HuangXH020,22,32.799633,95.140486,0,0,4746,1.306838632,439,-2.566666603,13.44999981,780.1000366,13.30000019,-21.79999924,-12.46666718,569,131,3,101.0013657,16,32,HDM,-93,90.4333334,332,-237
353,HuangXH021,21,32.923489,95.753444,1,1,4722,1.734882355,434,-4.175000191,12.69999981,799.3164673,11.60000038,-23.20000076,-14.28333378,592,135,5,99.55905151,19,32,HDM,-94.5,90.32499981,319,-273
354,HuangXH022,18,32.922728,95.753975,2,1,4769,1.734882355,434,-4.175000191,12.69999981,799.3164673,11.60000038,-23.20000076,-14.28333378,592,135,5,99.55905151,19,32,HDM,-94.5,90.32499981,319,-273
355,HuangXH023,14,32.922381,95.754175,1,1,4773,1.734882355,434,-4.175000191,12.69999981,799.3164673,11.60000038,-23.20000076,-14.28333378,592,135,5,99.55905151,19,32,HDM,-94.5,90.32499981,319,-273
356,HuangXH024,22,32.921722,95.753767,2,1,4773,1.734882355,434,-4.175000191,12.69999981,799.3164673,11.60000038,-23.20000076,-14.28333378,592,135,5,99.55905151,19,32,HDM,-94.5,90.32499981,319,-273
357,HuangXH025,25,33.5037611,96.410775,0,0,4602,1.081799626,400,-4.070833206,13.50833321,806.7005005,12,-23.79999924,-14.26666641,543,125,3,99.95018005,15,22,HDM,-100,95.92916679,275,-268
358,HuangXH026,15,33.5036306,96.4112056,0,0,4619,1.081799626,400,-4.070833206,13.50833321,806.7005005,12,-23.79999924,-14.26666641,543,125,3,99.95018005,15,22,HDM,-100,95.92916679,275,-268
359,HuangXH027,17,33.5035333,96.4112861,0,0,4578,1.081799626,400,-4.070833206,13.50833321,806.7005005,12,-23.79999924,-14.26666641,543,125,3,99.95018005,15,22,HDM,-100,95.92916679,275,-268
360,HuangXH028,13,33.5036778,96.4113694,0,0,4590,1.081799626,400,-4.070833206,13.50833321,806.7005005,12,-23.79999924,-14.26666641,543,125,3,99.95018005,15,22,HDM,-100,95.92916679,275,-268
361,HuangXH029,15,33.5708528,96.2127611,0,0,4835,1.367118597,399,-4.158333302,14.01666641,806.0279541,11.80000019,-24.29999924,-14.39999962,537,123,4,100.9866409,15,22,HDM,-102.5,98.3416667,274,-263
362,HuangXH030,10,32.5713556,97.2139139,0,0,4861,1.031263113,440,-4.3125,12.84166718,783.5151978,11.30000019,-23.10000038,-14.15000057,628,138,8,92.59170532,26,38,HDM,-85,80.6875,345.5,-282.5
363,HuangXH031,15,32.5714389,97.2165056,0,0,4963,1.031263113,440,-4.3125,12.84166718,783.5151978,11.30000019,-23.10000038,-14.15000057,628,138,8,92.59170532,26,38,HDM,-85,80.6875,345.5,-282.5
364,HuangXH032,12,32.5713028,97.213875,0,0,4859,1.031263113,440,-4.3125,12.84166718,783.5151978,11.30000019,-23.10000038,-14.15000057,628,138,8,92.59170532,26,38,HDM,-85,80.6875,345.5,-282.5
365,HuangXH033,20,32.5706556,97.2141306,0,0,4849,1.031263113,440,-4.3125,12.84166718,783.5151978,11.30000019,-23.10000038,-14.15000057,628,138,8,92.59170532,26,38,HDM,-85,80.6875,345.5,-282.5
366,HuangXH034,32,32.8005917,98.0091056,0,0,4540,1.090131521,442,-2.679166794,13.70833302,785.425354,13.30000019,-22.20000076,-12.60000038,571,125,4,95.19974518,16,23,TP,-66,63.32083321,350.5,-220.5
367,HuangXH035,17,32.7998583,98.0060528,0,0,4657,1.090131521,445,-3.879166842,13.40833378,786.6484375,12,-23.20000076,-13.76666641,588,129,5,94.43804932,19,28,TP,-66,62.12083316,350.5,-237.5
368,HuangXH036,14,32.7991222,98.0052083,0,0,4692,1.090131521,445,-3.879166842,13.40833378,786.6484375,12,-23.20000076,-13.76666641,588,129,5,94.43804932,19,28,TP,-66,62.12083316,350.5,-237.5
369,HuangXH037,25,32.7977333,98.0038083,1,1,4754,1.090131521,445,-3.879166842,13.40833378,786.6484375,12,-23.20000076,-13.76666641,588,129,5,94.43804932,19,28,TP,-66,62.12083316,350.5,-237.5
370,HuangXH038,13,32.7974278,98.003475,0,0,4770,1.090131521,445,-3.879166842,13.40833378,786.6484375,12,-23.20000076,-13.76666641,588,129,5,94.43804932,19,28,TP,-66,62.12083316,350.5,-237.5
371,HuangXH039,15,33.513778,97.031631,0,0,4711,2.522640467,402,-5.320833206,13.1916666,830.9782104,11,-25.20000076,-15.80000019,567,129,5,95.73377991,20,30,HDM,-102,96.67916679,280,-287
372,HuangXH040,18,33.514722,97.031231,0,0,4749,2.522640467,402,-5.320833206,13.1916666,830.9782104,11,-25.20000076,-15.80000019,567,129,5,95.73377991,20,30,HDM,-102,96.67916679,280,-287
373,HuangXH041,14,33.514883,97.033803,0,0,4773,2.522640467,403,-5.633333206,13.10000038,833.2857666,10.69999981,-25.39999962,-16.11666679,569,130,5,95.77072144,20,32,HDM,-102,96.36666679,280,-289
374,HuangXH042,20,33.399756,96.837853,0,0,4766,0.643409073,409,-3.970833302,13.85833359,784.2931519,11.69999981,-23.60000038,-13.85000038,571,129,4,96.61733246,19,26,HDM,-97.5,93.5291667,290.5,-280.5
375,HuangXH043,18,33.399744,96.837975,0,0,4771,0.643409073,409,-3.970833302,13.85833359,784.2931519,11.69999981,-23.60000038,-13.85000038,571,129,4,96.61733246,19,26,HDM,-97.5,93.5291667,290.5,-280.5
376,HuangXH044,20,33.399106,96.838842,1,1,4759,0.643409073,409,-3.970833302,13.85833359,784.2931519,11.69999981,-23.60000038,-13.85000038,571,129,4,96.61733246,19,26,HDM,-97.5,93.5291667,290.5,-280.5
377,HuangXH045,18,34.125767,97.659186,2,1,4804,1.82244873,370,-6.816666603,12.5,873.5178223,9.699999809,-27.10000038,-17.78333282,500,113,6,92.57250214,21,26,TP,-108.5,101.6833334,240,-260
378,HuangXH046,17,34.125561,97.659342,1,1,4820,1.82244873,370,-6.816666603,12.5,873.5178223,9.699999809,-27.10000038,-17.78333282,500,113,6,92.57250214,21,26,TP,-108.5,101.6833334,240,-260
379,HuangXH047,7,34.124778,97.660789,0,0,4859,1.82244873,373,-7.533333302,12.36666679,869.7683716,9,-27.70000076,-18.43333435,515,116,6,91.9133606,23,31,TP,-104,96.4666667,240,-275
380,HuangXH048,8,34.124764,97.661197,0,0,4850,1.82244873,373,-7.533333302,12.36666679,869.7683716,9,-27.70000076,-18.43333435,515,116,6,91.9133606,23,31,TP,-104,96.4666667,240,-275
381,HuangXH049,15,34.125742,97.660858,2,1,4798,1.82244873,370,-6.816666603,12.5,873.5178223,9.699999809,-27.10000038,-17.78333282,500,113,6,92.57250214,21,26,TP,-108.5,101.6833334,240,-260
382,HuangXH050,14,34.125614,97.660619,2,1,4803,1.82244873,370,-6.816666603,12.5,873.5178223,9.699999809,-27.10000038,-17.78333282,500,113,6,92.57250214,21,26,TP,-108.5,101.6833334,240,-260
383,HuangXH051,13,34.125358,97.661686,0,0,4808,1.82244873,370,-6.816666603,12.5,873.5178223,9.699999809,-27.10000038,-17.78333282,500,113,6,92.57250214,21,26,TP,-108.5,101.6833334,240,-260
384,HuangXH052,11,34.125461,97.662297,0,0,4799,1.82244873,370,-6.816666603,12.5,873.5178223,9.699999809,-27.10000038,-17.78333282,500,113,6,92.57250214,21,26,TP,-108.5,101.6833334,240,-260
385,HuangXH053,18,32.7976722,100.5662528,0,0,4549,1.129481792,544,-3.141666651,13.64999962,723.8308105,11.69999981,-22.60000038,-12.38333321,719,136,4,87.83628845,19,34,HDM,-61.5,58.35833335,518.5,-200.5
386,HuangXH054,19,32.7970306,100.5701611,1,1,4524,1.129481792,550,-2.962500095,13.65833378,724.744873,11.89999962,-22.5,-12.21666718,720,136,4,87.94311523,19,33,HDM,-61.5,58.53749991,518.5,-201.5
387,HuangXH055,18,32.7966917,100.5723639,0,0,4531,1.129481792,550,-2.962500095,13.65833378,724.744873,11.89999962,-22.5,-12.21666718,720,136,4,87.94311523,19,33,HDM,-61.5,58.53749991,518.5,-201.5
388,HuangXH056,17,32.7973333,100.5730833,1,1,4525,1.129481792,550,-2.962500095,13.65833378,724.744873,11.89999962,-22.5,-12.21666718,720,136,4,87.94311523,19,33,HDM,-61.5,58.53749991,518.5,-201.5
389,HuangXH057,5,32.4985278,100.3666306,0,0,4417,1.284283042,563,-2.5,13.46666718,768.5168457,13.10000038,-22.10000038,-12.3166666,704,137,4,89.36229706,18,31,HDM,-64,61.5,524.5,-179.5
390,HuangXH058,10,32.4987556,100.3669,0,0,4420,1.284283042,558,-2.833333254,13.46666622,762.40448,12.69999981,-22.39999962,-12.5666666,703,135,5,88.93653107,19,33,HDM,-64,61.16666675,524.5,-178.5
391,HuangXH059,5,32.49925,100.3680611,0,0,4464,1.284283042,558,-2.833333254,13.46666622,762.40448,12.69999981,-22.39999962,-12.5666666,703,135,5,88.93653107,19,33,HDM,-64,61.16666675,524.5,-178.5
392,HuangXH060,7,32.4993,100.3682917,0,0,4476,1.284283042,558,-2.833333254,13.46666622,762.40448,12.69999981,-22.39999962,-12.5666666,703,135,5,88.93653107,19,33,HDM,-64,61.16666675,524.5,-178.5
393,HuangXH061,6,31.8207639,100.2634667,0,0,4479,0.566538811,570,-1.450000048,13.73333359,687.0324707,12.80000019,-20.10000038,-10.19999981,693,139,4,91.87512207,17,25,HDM,-46,44.54999995,540,-153
394,HuangXH062,15,31.8209333,100.2633667,0,0,4489,0.566538811,570,-1.450000048,13.73333359,687.0324707,12.80000019,-20.10000038,-10.19999981,693,139,4,91.87512207,17,25,HDM,-46,44.54999995,540,-153
395,HuangXH063,4,31.8208611,100.2631028,0,0,4497,0.566538811,570,-1.450000048,13.73333359,687.0324707,12.80000019,-20.10000038,-10.19999981,693,139,4,91.87512207,17,25,HDM,-46,44.54999995,540,-153
396,HuangXH064,15,31.8213111,100.2629583,1,1,4516,0.566538811,570,-1.450000048,13.73333359,687.0324707,12.80000019,-20.10000038,-10.19999981,693,139,4,91.87512207,17,25,HDM,-46,44.54999995,540,-153
397,HuangXH065,9,31.8213389,100.2626222,0,0,4541,0.566538811,570,-1.450000048,13.73333359,687.0324707,12.80000019,-20.10000038,-10.19999981,693,139,4,91.87512207,17,25,HDM,-46,44.54999995,540,-153
398,HuangXH066,8,31.8213917,100.2625083,0,0,4552,0.566538811,570,-1.450000048,13.73333359,687.0324707,12.80000019,-20.10000038,-10.19999981,693,139,4,91.87512207,17,25,HDM,-46,44.54999995,540,-153
399,YZYF1,12,30.249206,89.298917,1,1,4994,1.246320724,227,-2.270833254,13.54166698,738.2363892,13,-20.5,-11.41666698,320,93,1,124.3263931,4,20,TP,-82,79.72916675,196,-124
400,YZYF2,20,30.249206,89.298917,4,1,5050,1.246320724,227,-2.270833254,13.54166698,738.2363892,13,-20.5,-11.41666698,320,93,1,124.3263931,4,20,TP,-82,79.72916675,196,-124
401,YZYF3,12,29.59088,86.659335,2,1,4965,0.697964191,203,-0.033333376,14.55000019,645.7002563,14.60000038,-17.20000076,-8.083333969,229,28,7,41.4129715,60,20,TP,-90.5,90.46666662,165,-64
402,YZYF4,13,29.585997,86.685565,3,1,5037,0.697964191,197,-1.070833325,14.14166641,651.5765991,13.39999962,-18.10000038,-9.199999809,215,27,7,42.01703644,57,20,TP,-76.5,75.42916668,168,-47
403,YZYF5,12,29.59111,86.659431,5,1,4978,0.697964191,203,-0.033333376,14.55000019,645.7002563,14.60000038,-17.20000076,-8.083333969,229,28,7,41.4129715,60,20,TP,-90.5,90.46666662,165,-64
404,YZYF6,10,29.584422,86.684836,2,1,5095,0.697964191,197,-1.070833325,14.14166641,651.5765991,13.39999962,-18.10000038,-9.199999809,215,27,7,42.01703644,57,20,TP,-76.5,75.42916668,168,-47
405,YZYF7,7,29.591854,86.658912,0,0,5010,0.697964191,200,-0.466666639,14.3166666,646.5620117,14,-17.5,-8.533332825,221,27,7,42.09669876,59,21,TP,-90.5,90.03333336,165,-56
406,YZYF8,8,29.583273,86.683958,2,1,5095,0.697964191,195,-1.066666722,14.28333378,649.2034912,13.39999962,-18.10000038,-9.149999619,211,26,6,42.02563858,57,20,TP,-65.5,64.43333328,179,-32
407,YZYF9,13,29.591584,86.657048,3,1,5091,0.697964191,196,-1.345833302,14.42500019,644.2559204,13.19999981,-18.39999962,-9.333333015,204,25,5,43.16335297,58,24,TP,-90.5,89.1541667,165,-39
408,YZYF10,19,29.704385,86.725871,4,1,5388,0.697964191,193,-3.6875,14.14166641,688.8334351,11.10000038,-21.10000038,-12.19999981,174,24,3,47.84644318,50,26,TP,-97,93.3125,161,-13
409,YZYF11,10,29.714328,86.728602,2,1,5327,0.697964191,194,-3.108333349,14.35000038,690.812561,11.80000019,-20.70000076,-11.66666698,180,24,4,45.53969193,50,25,TP,-88,84.89166665,162,-18
410,YZYF12,14,29.675157,86.718198,4,1,5499,0.697964191,194,-3.850000143,13.8166666,682.7817383,10.60000038,-21.10000038,-12.30000019,175,24,3,48.21253204,50,27,TP,-97,93.14999986,161,-14
411,YZYF13,12,29.712617,86.730176,3,1,5433,0.697964191,194,-3.108333349,14.35000038,690.812561,11.80000019,-20.70000076,-11.66666698,180,24,4,45.53969193,50,25,TP,-88,84.89166665,162,-18
412,YZYF14,14,29.674634,86.718838,4,1,5499,0.697964191,195,-3.820833206,13.67500019,683.069458,10.60000038,-21,-12.26666641,178,24,4,46.94226074,51,27,TP,-97,93.17916679,161,-17
413,YZYF15,16,29.67745,86.713116,4,1,5461,0.697964191,194,-3.549999952,14,681.6590576,11,-20.89999962,-11.98333359,180,24,4,46.61861801,52,27,TP,-97,93.45000005,161,-19
414,YZYF16,11,29.572657,84.895736,3,1,4686,0.566783011,252,1.554166675,14.15833378,635.901123,16.20000076,-15.10000038,-6.5,260,42,1,56.38320541,96,16,TP,-63.5,65.05416668,242,-18
415,YZYF17,23,29.5713694,84.8942,4,1,4584,0.566783011,252,1.554166675,14.15833378,635.901123,16.20000076,-15.10000038,-6.5,260,42,1,56.38320541,96,16,TP,-63.5,65.05416668,242,-18
416,YZYF18,8,29.57372,84.896967,1,1,4717,0.566783011,252,1.554166675,14.15833378,635.901123,16.20000076,-15.10000038,-6.5,260,42,1,56.38320541,96,16,TP,-63.5,65.05416668,242,-18
417,YZYF19,11,29.5721556,84.8924583,0,0,4623,0.566783011,252,1.554166675,14.15833378,635.901123,16.20000076,-15.10000038,-6.5,260,42,1,56.38320541,96,16,TP,-63.5,65.05416668,242,-18
418,YZYF20,10,29.5092,84.9297,0,0,4728,0.566783011,251,0.833333373,14.60000038,607.6046143,15.19999981,-15.80000019,-6.849999905,257,39,1,57.20604324,100,19,TP,-66.5,67.33333337,239.5,-17.5
419,YZYF21,17,29.5397361,84.9476667,1,1,4676,0.566783011,252,1,14.35000038,616.0984497,15.39999962,-15.60000038,-6.800000191,255,40,1,57.52824783,98,19,TP,-66.5,67.5,239.5,-15.5
420,YZYF22,12,29.5097,84.9311,1,1,4682,0.566783011,251,0.833333373,14.60000038,607.6046143,15.19999981,-15.80000019,-6.849999905,257,39,1,57.20604324,100,19,TP,-66.5,67.33333337,239.5,-17.5
421,YZYF23,22,29.5397,84.9480083,1,1,4667,0.566783011,252,1,14.35000038,616.0984497,15.39999962,-15.60000038,-6.800000191,255,40,1,57.52824783,98,19,TP,-66.5,67.5,239.5,-15.5
422,YZYF24,14,29.539,84.948,4,1,4667,0.566783011,252,1,14.35000038,616.0984497,15.39999962,-15.60000038,-6.800000191,255,40,1,57.52824783,98,19,TP,-66.5,67.5,239.5,-15.5
423,YZYF25,14,30.058513,85.635985,3,1,5239,0.871598303,209,-2.049999952,15.4333334,707.4891357,13.5,-20.29999924,-10.80000019,171,26,1,56.83155823,66,25,TP,-86,83.95000005,183.5,12.5
424,YZYF26,6,31.333109,85.152198,0,0,4861,0.921874642,201,-1.529166698,14.99166679,803.3720093,15.5,-20.5,-11.35000038,122,19,3,45.79571915,28,22,TP,-81.5,79.9708333,184.5,62.5
425,YZYF27,11,31.333054,85.152161,1,1,4863,0.921874642,201,-1.529166698,14.99166679,803.3720093,15.5,-20.5,-11.35000038,122,19,3,45.79571915,28,22,TP,-81.5,79.9708333,184.5,62.5
426,YZYF28,10,31.856946,84.955698,1,1,4880,1.02633667,194,-1.9375,14.70833302,823.6066284,15.69999981,-20.70000076,-11.86666679,106,21,2,58.1504364,17,27,TP,-89.5,87.5625,172,66
427,YZYF29,13,31.991752,85.007524,1,1,4645,1.733968616,187,0.208333433,15.38333321,833.8433228,18.29999924,-19.10000038,-9.866666794,104,20,2,56.0278511,17,24,TP,-73.5,73.70833343,171.5,67.5
428,YZYF30,14,31.991654,85.007243,4,1,4656,1.733968616,188,-0.104166701,15.35833359,835.772522,18,-19.39999962,-10.19999981,104,20,2,56.0278511,17,25,TP,-73.5,73.3958333,171.5,67.5
429,YZYF31,4,32.02,85.46,0,0,4815,1.034212708,185,-1.541666627,15.13333321,856.5385742,16.60000038,-21.20000076,-11.94999981,112,23,2,63.97130585,14,23,TP,-86.5,84.95833337,164.5,52.5
430,YZYF32,11,32.020019,85.460819,2,1,4815,1.034212708,185,-1.541666627,15.13333321,856.5385742,16.60000038,-21.20000076,-11.94999981,112,23,2,63.97130585,14,23,TP,-86.5,84.95833337,164.5,52.5
431,YZYF33,10,31.861072,86.118189,2,1,4761,1.416643023,188,-0.966666758,14.44999981,825.4016724,16.29999924,-19.70000076,-11.01666641,143,28,3,62.84883881,17,25,TP,-77.5,76.53333324,179,36
432,YZYF34,11,31.983819,87.806584,0,0,4610,1.576256275,225,0.495833367,13.375,852.9959717,17.70000076,-18.20000076,-10.01666641,273,62,3,92.04030609,11,28,TP,-73,73.49583337,215.5,-57.5
433,YZYF35,14,33.010105,88.333038,2,1,5147,1.824999094,207,-3.975000143,13.63333321,848.8803101,13.19999981,-22.70000076,-14.35000038,265,69,1,108.4285431,5,27,TP,-117,113.0249999,172,-93
434,YZYF36,20,32.948068,88.876473,4,1,4924,2.341685534,222,-2.825000048,13.48333359,889.0584717,14.60000038,-22.20000076,-13.8166666,309,80,2,108.3482056,7,24,TP,-105.5,102.675,188,-121
435,YZYF37,16,32.258194,89.110029,1,1,4735,2.785097122,244,-0.958333373,13.5666666,854.3493652,15.89999962,-20.10000038,-11.5666666,360,91,2,108.7071075,7,27,TP,-90.5,89.54166663,220,-140
436,YZYF38,15,31.245394,90.072385,0,0,5365,1.970469952,251,-4.425000191,13.01666641,778.4819336,11,-22.89999962,-14.08333302,400,111,2,118.3134155,6,24,TP,-102.5,98.07499981,230.5,-169.5
437,YZYF39,13,31.376813,90.150184,3,1,4707,1.600425363,275,-0.866666675,13.0666666,807.2042847,15,-19.39999962,-11,424,114,2,118.202095,6,23,TP,-88.5,87.63333333,248.5,-175.5
438,YZYF40,18,32.862853,91.927947,1,1,5311,1.707140684,306,-7.545833588,11.79166698,867.618103,9.100000381,-26.20000076,-18.16666794,449,121,3,113.5747604,12,33,TP,-139,131.4541664,240,-209
439,YZYF41,22,32.862,91.927,2,1,5310,1.707140684,306,-7.545833588,11.79166698,867.618103,9.100000381,-26.20000076,-18.16666794,449,121,3,113.5747604,12,33,TP,-139,131.4541664,240,-209
440,YZYF42,16,31.665021,91.870608,2,1,4653,4.02088356,346,-1.895833135,14.10833263,813.6881714,14.10000038,-21.79999924,-12.13333321,428,108,3,111.7566833,9,20,TP,-90,88.10416687,303.5,-124.5
441,YZYF43,13,31.02755,92.5483,0,0,4988,1.288336992,336,-4.054166794,12.89166641,776.9592896,11.60000038,-22.79999924,-13.6833334,547,125,5,101.0063324,18,41,TP,-99.5,95.44583321,286.5,-260.5
442,YZYF44,4,30.754474,93.074784,0,0,5177,1.347082257,340,-4.529166698,12.89166641,740.1273193,10.19999981,-22.89999962,-13.69999981,632,139,6,95.81117249,23,47,HDM,-97,92.4708333,290,-342
443,YZYF45,7,30.755448,93.07673,0,0,5168,1.347082257,340,-4.391666889,12.91666698,741.1104126,10.39999962,-22.79999924,-13.58333302,634,139,6,95.6441803,23,48,HDM,-97,92.60833311,290,-344
444,NiuYang001,12,28.1907,100.7881,0,0,4300,0.665657878,600,1.895833373,10.92500019,559.104248,12.69999981,-13.19999981,-5.266666412,777,160,5,85.80605316,21,30,HDM,-4,5.895833373,724.5,-52.5
445,NiuYang002,9,28.044464,100.766642,0,0,3972,0.665657878,651,4.433333397,11.0666666,537.9689941,15,-10.5,-2.5,776,160,5,83.80373383,25,29,HDM,18.5,-14.0666666,730,-46
446,NiuYang003,11,28.044356,100.766328,0,0,3961,0.665657878,651,4.433333397,11.0666666,537.9689941,15,-10.5,-2.5,776,160,5,83.80373383,25,29,HDM,18.5,-14.0666666,730,-46
447,NiuYang004,23,28.044431,100.766483,0,0,3964,0.665657878,651,4.433333397,11.0666666,537.9689941,15,-10.5,-2.5,776,160,5,83.80373383,25,29,HDM,18.5,-14.0666666,730,-46
448,MaXG01,12,27.055697,100.197028,0,0,3833,0.450746149,657,4.662499905,10.92500019,503.2761841,14.5,-9.699999809,-1.799999952,812,148,10,68.38695526,49,27,HDM,-1,5.662499905,860,48
449,MaXG02,10,27.056722,100.198164,0,0,3864,0.450746149,657,4.662499905,10.92500019,503.2761841,14.5,-9.699999809,-1.799999952,812,148,10,68.38695526,49,27,HDM,-1,5.662499905,860,48
450,MaXG03,3,26.157747,102.927656,0,0,3990,0.331023008,635,4.104166508,11.27499962,440.2244263,13,-9.600000381,-1.716666698,1045,203,6,84.98680878,33,34,HDM,12.5,-8.395833492,1097,52
451,MaXG04,17,26.156697,102.926675,1,1,4006,0.331023008,635,4.104166508,11.27499962,440.2244263,13,-9.600000381,-1.716666698,1045,203,6,84.98680878,33,34,HDM,12.5,-8.395833492,1097,52
452,MaXG05,17,26.160589,102.934658,0,0,3982,0.331023008,635,4.129166603,11.27499962,444.4887695,13,-9.600000381,-1.76666677,1026,199,6,85.34651184,31,33,HDM,12.5,-8.370833397,1097,71
453,DengT038,18,29.8025,92.3143,4,1,5180,1.095289111,261,-3.466666698,12.8166666,688.8604736,10.30000019,-21.39999962,-11.89999962,425,103,4,103.4601974,13,25,TP,-75,71.5333333,215,-210
454,DengT062,9,31.29861,96.7675,0,0,4730,0.566735387,455,-2.195833445,12.4416666,707.2689209,12.19999981,-19.5,-10.96666718,616,137,5,93.37082672,20,23,HDM,-60.5,58.30416656,351,-265
